Topic,Context,Bloom_Level,Scenario,Question
Linear Regression,"Linear Regression models a continuous target variable as a weighted linear combination of input features, estimated via Ordinary Least Squares (OLS) or regularized variants (Ridge, Lasso, ElasticNet). Key assumptions include linearity, homoscedasticity, independence of errors, and absence of multicollinearity. Extensions such as Generalized Linear Models (GLMs) and Polynomial Regression handle non-linearities and non-Gaussian response distributions. In practice, coefficient interpretability, residual diagnostics, and assumption violations are critical concerns for deployment in regulated industries.",Remember,"A pharmaceutical company is predicting drug dosage effectiveness based on patient biomarkers including age, BMI, kidney function scores, and genetic markers. The regression model must be interpretable for FDA submission.","In the context of deploying Linear Regression within pharmaceutical, enumerate the fundamental mathematical assumptions and algorithmic constraints that must be verified prior to model selection."
Linear Regression,"Linear Regression models a continuous target variable as a weighted linear combination of input features, estimated via Ordinary Least Squares (OLS) or regularized variants (Ridge, Lasso, ElasticNet). Key assumptions include linearity, homoscedasticity, independence of errors, and absence of multicollinearity. Extensions such as Generalized Linear Models (GLMs) and Polynomial Regression handle non-linearities and non-Gaussian response distributions. In practice, coefficient interpretability, residual diagnostics, and assumption violations are critical concerns for deployment in regulated industries.",Remember,"A smart-grid energy provider uses historical consumption patterns, weather data, and IoT sensor readings to forecast regional electricity demand 72 hours in advance to prevent grid failures.","A data science team onboarding to a energy project requests a comprehensive taxonomy of the core components, parameters, and operational boundaries that define Linear Regression."
Linear Regression,"Linear Regression models a continuous target variable as a weighted linear combination of input features, estimated via Ordinary Least Squares (OLS) or regularized variants (Ridge, Lasso, ElasticNet). Key assumptions include linearity, homoscedasticity, independence of errors, and absence of multicollinearity. Extensions such as Generalized Linear Models (GLMs) and Polynomial Regression handle non-linearities and non-Gaussian response distributions. In practice, coefficient interpretability, residual diagnostics, and assumption violations are critical concerns for deployment in regulated industries.",Remember,"An algorithmic trading firm models the relationship between macroeconomic indicators (CPI, interest rates, yield curves) and equity returns to generate signals for portfolio rebalancing.","Within the regulatory documentation for a enterprise system, specify the defining characteristics of Linear Regression that distinguish it from adjacent methodological approaches."
Linear Regression,"Linear Regression models a continuous target variable as a weighted linear combination of input features, estimated via Ordinary Least Squares (OLS) or regularized variants (Ridge, Lasso, ElasticNet). Key assumptions include linearity, homoscedasticity, independence of errors, and absence of multicollinearity. Extensions such as Generalized Linear Models (GLMs) and Polynomial Regression handle non-linearities and non-Gaussian response distributions. In practice, coefficient interpretability, residual diagnostics, and assumption violations are critical concerns for deployment in regulated industries.",Remember,"A real estate fintech platform estimates property valuations in rapidly developing urban corridors using features like proximity to infrastructure projects, zoning changes, and demographic shifts.",Catalogue the essential computational and statistical prerequisites that must be satisfied before Linear Regression can be validly applied within a enterprise operational context.
Linear Regression,"Linear Regression models a continuous target variable as a weighted linear combination of input features, estimated via Ordinary Least Squares (OLS) or regularized variants (Ridge, Lasso, ElasticNet). Key assumptions include linearity, homoscedasticity, independence of errors, and absence of multicollinearity. Extensions such as Generalized Linear Models (GLMs) and Polynomial Regression handle non-linearities and non-Gaussian response distributions. In practice, coefficient interpretability, residual diagnostics, and assumption violations are critical concerns for deployment in regulated industries.",Understand,"A pharmaceutical company is predicting drug dosage effectiveness based on patient biomarkers including age, BMI, kidney function scores, and genetic markers. The regression model must be interpretable for FDA submission.","Articulate in precise technical terms how the core learning mechanism of Linear Regression operates under the distributional assumptions present in pharmaceutical data, specifically addressing what occurs when those assumptions are violated."
Linear Regression,"Linear Regression models a continuous target variable as a weighted linear combination of input features, estimated via Ordinary Least Squares (OLS) or regularized variants (Ridge, Lasso, ElasticNet). Key assumptions include linearity, homoscedasticity, independence of errors, and absence of multicollinearity. Extensions such as Generalized Linear Models (GLMs) and Polynomial Regression handle non-linearities and non-Gaussian response distributions. In practice, coefficient interpretability, residual diagnostics, and assumption violations are critical concerns for deployment in regulated industries.",Understand,"A smart-grid energy provider uses historical consumption patterns, weather data, and IoT sensor readings to forecast regional electricity demand 72 hours in advance to prevent grid failures.",A senior ML engineer must brief a cross-functional product team on why Linear Regression exhibits particular failure modes in energy applications — explain the underlying statistical rationale for these limitations.
Linear Regression,"Linear Regression models a continuous target variable as a weighted linear combination of input features, estimated via Ordinary Least Squares (OLS) or regularized variants (Ridge, Lasso, ElasticNet). Key assumptions include linearity, homoscedasticity, independence of errors, and absence of multicollinearity. Extensions such as Generalized Linear Models (GLMs) and Polynomial Regression handle non-linearities and non-Gaussian response distributions. In practice, coefficient interpretability, residual diagnostics, and assumption violations are critical concerns for deployment in regulated industries.",Understand,"An algorithmic trading firm models the relationship between macroeconomic indicators (CPI, interest rates, yield curves) and equity returns to generate signals for portfolio rebalancing.",Construct a conceptual explanation that differentiates the theoretical generalization behavior of Linear Regression from its empirical performance characteristics when deployed in a high-stakes enterprise pipeline.
Linear Regression,"Linear Regression models a continuous target variable as a weighted linear combination of input features, estimated via Ordinary Least Squares (OLS) or regularized variants (Ridge, Lasso, ElasticNet). Key assumptions include linearity, homoscedasticity, independence of errors, and absence of multicollinearity. Extensions such as Generalized Linear Models (GLMs) and Polynomial Regression handle non-linearities and non-Gaussian response distributions. In practice, coefficient interpretability, residual diagnostics, and assumption violations are critical concerns for deployment in regulated industries.",Understand,"A real estate fintech platform estimates property valuations in rapidly developing urban corridors using features like proximity to infrastructure projects, zoning changes, and demographic shifts.",Interpret the mathematical intuition behind Linear Regression's core optimization objective and explain how deviations in enterprise data quality would propagate through the model's internal representations.
Linear Regression,"Linear Regression models a continuous target variable as a weighted linear combination of input features, estimated via Ordinary Least Squares (OLS) or regularized variants (Ridge, Lasso, ElasticNet). Key assumptions include linearity, homoscedasticity, independence of errors, and absence of multicollinearity. Extensions such as Generalized Linear Models (GLMs) and Polynomial Regression handle non-linearities and non-Gaussian response distributions. In practice, coefficient interpretability, residual diagnostics, and assumption violations are critical concerns for deployment in regulated industries.",Apply,"A pharmaceutical company is predicting drug dosage effectiveness based on patient biomarkers including age, BMI, kidney function scores, and genetic markers. The regression model must be interpretable for FDA submission.","Given this deployment scenario, outline the complete preprocessing pipeline, feature engineering strategy, and hyperparameter configuration required to deploy Linear Regression as a production-grade component within this system."
Linear Regression,"Linear Regression models a continuous target variable as a weighted linear combination of input features, estimated via Ordinary Least Squares (OLS) or regularized variants (Ridge, Lasso, ElasticNet). Key assumptions include linearity, homoscedasticity, independence of errors, and absence of multicollinearity. Extensions such as Generalized Linear Models (GLMs) and Polynomial Regression handle non-linearities and non-Gaussian response distributions. In practice, coefficient interpretability, residual diagnostics, and assumption violations are critical concerns for deployment in regulated industries.",Apply,"A smart-grid energy provider uses historical consumption patterns, weather data, and IoT sensor readings to forecast regional electricity demand 72 hours in advance to prevent grid failures.","A team inherits a legacy energy system using Linear Regression with significant technical debt. Describe the concrete implementation steps to refactor the pipeline for improved reliability, latency, and maintainability."
Linear Regression,"Linear Regression models a continuous target variable as a weighted linear combination of input features, estimated via Ordinary Least Squares (OLS) or regularized variants (Ridge, Lasso, ElasticNet). Key assumptions include linearity, homoscedasticity, independence of errors, and absence of multicollinearity. Extensions such as Generalized Linear Models (GLMs) and Polynomial Regression handle non-linearities and non-Gaussian response distributions. In practice, coefficient interpretability, residual diagnostics, and assumption violations are critical concerns for deployment in regulated industries.",Apply,"An algorithmic trading firm models the relationship between macroeconomic indicators (CPI, interest rates, yield curves) and equity returns to generate signals for portfolio rebalancing.","Implement a validation framework for Linear Regression in this deployment scenario context, specifying the exact metrics, thresholds, and data split strategies appropriate for the operational constraints and risk profile of this application."
Linear Regression,"Linear Regression models a continuous target variable as a weighted linear combination of input features, estimated via Ordinary Least Squares (OLS) or regularized variants (Ridge, Lasso, ElasticNet). Key assumptions include linearity, homoscedasticity, independence of errors, and absence of multicollinearity. Extensions such as Generalized Linear Models (GLMs) and Polynomial Regression handle non-linearities and non-Gaussian response distributions. In practice, coefficient interpretability, residual diagnostics, and assumption violations are critical concerns for deployment in regulated industries.",Apply,"A real estate fintech platform estimates property valuations in rapidly developing urban corridors using features like proximity to infrastructure projects, zoning changes, and demographic shifts.","Considering this deployment scenario, detail the end-to-end inference pipeline design for Linear Regression, including feature serving, model versioning, monitoring hooks, and fallback mechanisms for production deployment."
Linear Regression,"Linear Regression models a continuous target variable as a weighted linear combination of input features, estimated via Ordinary Least Squares (OLS) or regularized variants (Ridge, Lasso, ElasticNet). Key assumptions include linearity, homoscedasticity, independence of errors, and absence of multicollinearity. Extensions such as Generalized Linear Models (GLMs) and Polynomial Regression handle non-linearities and non-Gaussian response distributions. In practice, coefficient interpretability, residual diagnostics, and assumption violations are critical concerns for deployment in regulated industries.",Analyze,"A pharmaceutical company is predicting drug dosage effectiveness based on patient biomarkers including age, BMI, kidney function scores, and genetic markers. The regression model must be interpretable for FDA submission.","In this deployment scenario, the Linear Regression model begins exhibiting significant performance degradation six months after deployment. Conduct a systematic diagnostic analysis identifying the most probable root causes and distinguishing between data drift, concept drift, and model decay hypotheses."
Linear Regression,"Linear Regression models a continuous target variable as a weighted linear combination of input features, estimated via Ordinary Least Squares (OLS) or regularized variants (Ridge, Lasso, ElasticNet). Key assumptions include linearity, homoscedasticity, independence of errors, and absence of multicollinearity. Extensions such as Generalized Linear Models (GLMs) and Polynomial Regression handle non-linearities and non-Gaussian response distributions. In practice, coefficient interpretability, residual diagnostics, and assumption violations are critical concerns for deployment in regulated industries.",Analyze,"A smart-grid energy provider uses historical consumption patterns, weather data, and IoT sensor readings to forecast regional electricity demand 72 hours in advance to prevent grid failures.","Critically compare the architectural trade-offs between Linear Regression and two alternative algorithmic families for this deployment scenario use case, analyzing computational complexity, interpretability requirements, uncertainty quantification capacity, and regulatory compliance constraints."
Linear Regression,"Linear Regression models a continuous target variable as a weighted linear combination of input features, estimated via Ordinary Least Squares (OLS) or regularized variants (Ridge, Lasso, ElasticNet). Key assumptions include linearity, homoscedasticity, independence of errors, and absence of multicollinearity. Extensions such as Generalized Linear Models (GLMs) and Polynomial Regression handle non-linearities and non-Gaussian response distributions. In practice, coefficient interpretability, residual diagnostics, and assumption violations are critical concerns for deployment in regulated industries.",Analyze,"An algorithmic trading firm models the relationship between macroeconomic indicators (CPI, interest rates, yield curves) and equity returns to generate signals for portfolio rebalancing.","Decompose the potential failure modes of Linear Regression in this deployment scenario context into data-quality failures, distributional shift failures, model specification failures, and deployment infrastructure failures, and analyze the downstream business and safety consequences of each."
Linear Regression,"Linear Regression models a continuous target variable as a weighted linear combination of input features, estimated via Ordinary Least Squares (OLS) or regularized variants (Ridge, Lasso, ElasticNet). Key assumptions include linearity, homoscedasticity, independence of errors, and absence of multicollinearity. Extensions such as Generalized Linear Models (GLMs) and Polynomial Regression handle non-linearities and non-Gaussian response distributions. In practice, coefficient interpretability, residual diagnostics, and assumption violations are critical concerns for deployment in regulated industries.",Analyze,"A real estate fintech platform estimates property valuations in rapidly developing urban corridors using features like proximity to infrastructure projects, zoning changes, and demographic shifts.","Examine the interaction effects between Linear Regression's core assumptions and the specific data-generating process in this context, identifying which assumption violations are benign, which are correctable, and which would fundamentally invalidate the modeling approach."
Linear Regression,"Linear Regression models a continuous target variable as a weighted linear combination of input features, estimated via Ordinary Least Squares (OLS) or regularized variants (Ridge, Lasso, ElasticNet). Key assumptions include linearity, homoscedasticity, independence of errors, and absence of multicollinearity. Extensions such as Generalized Linear Models (GLMs) and Polynomial Regression handle non-linearities and non-Gaussian response distributions. In practice, coefficient interpretability, residual diagnostics, and assumption violations are critical concerns for deployment in regulated industries.",Evaluate,"A pharmaceutical company is predicting drug dosage effectiveness based on patient biomarkers including age, BMI, kidney function scores, and genetic markers. The regression model must be interpretable for FDA submission.","In this deployment scenario, multiple ML teams are advocating for Linear Regression as the production system. Formulate a rigorous evaluation framework that quantifies not only predictive performance but also business value, operational risk, fairness, interpretability, and total cost of ownership."
Linear Regression,"Linear Regression models a continuous target variable as a weighted linear combination of input features, estimated via Ordinary Least Squares (OLS) or regularized variants (Ridge, Lasso, ElasticNet). Key assumptions include linearity, homoscedasticity, independence of errors, and absence of multicollinearity. Extensions such as Generalized Linear Models (GLMs) and Polynomial Regression handle non-linearities and non-Gaussian response distributions. In practice, coefficient interpretability, residual diagnostics, and assumption violations are critical concerns for deployment in regulated industries.",Evaluate,"A smart-grid energy provider uses historical consumption patterns, weather data, and IoT sensor readings to forecast regional electricity demand 72 hours in advance to prevent grid failures.","Critically assess the deployment readiness of a Linear Regression model in this deployment scenario context, evaluating the model's robustness to adversarial inputs, its calibration quality, its behavior under distribution shift, and the adequacy of its monitoring instrumentation."
Linear Regression,"Linear Regression models a continuous target variable as a weighted linear combination of input features, estimated via Ordinary Least Squares (OLS) or regularized variants (Ridge, Lasso, ElasticNet). Key assumptions include linearity, homoscedasticity, independence of errors, and absence of multicollinearity. Extensions such as Generalized Linear Models (GLMs) and Polynomial Regression handle non-linearities and non-Gaussian response distributions. In practice, coefficient interpretability, residual diagnostics, and assumption violations are critical concerns for deployment in regulated industries.",Evaluate,"An algorithmic trading firm models the relationship between macroeconomic indicators (CPI, interest rates, yield curves) and equity returns to generate signals for portfolio rebalancing.","A regulatory body is reviewing the use of Linear Regression in this context. Argue for or against the model's fitness for purpose, substantiating your position with specific evidence criteria, acceptable risk thresholds, and the consequences of both Type I and Type II decision errors."
Linear Regression,"Linear Regression models a continuous target variable as a weighted linear combination of input features, estimated via Ordinary Least Squares (OLS) or regularized variants (Ridge, Lasso, ElasticNet). Key assumptions include linearity, homoscedasticity, independence of errors, and absence of multicollinearity. Extensions such as Generalized Linear Models (GLMs) and Polynomial Regression handle non-linearities and non-Gaussian response distributions. In practice, coefficient interpretability, residual diagnostics, and assumption violations are critical concerns for deployment in regulated industries.",Evaluate,"A real estate fintech platform estimates property valuations in rapidly developing urban corridors using features like proximity to infrastructure projects, zoning changes, and demographic shifts.","Evaluate the long-term sustainability of a Linear Regression-based solution for this use case, considering model decay trajectories, retraining cost structures, data governance requirements, and the ethical implications of scaled automated decision-making in this domain."
Linear Regression,"Linear Regression models a continuous target variable as a weighted linear combination of input features, estimated via Ordinary Least Squares (OLS) or regularized variants (Ridge, Lasso, ElasticNet). Key assumptions include linearity, homoscedasticity, independence of errors, and absence of multicollinearity. Extensions such as Generalized Linear Models (GLMs) and Polynomial Regression handle non-linearities and non-Gaussian response distributions. In practice, coefficient interpretability, residual diagnostics, and assumption violations are critical concerns for deployment in regulated industries.",Create,"A pharmaceutical company is predicting drug dosage effectiveness based on patient biomarkers including age, BMI, kidney function scores, and genetic markers. The regression model must be interpretable for FDA submission.","Architect a novel ML system for this use case that addresses the key limitations of standard Linear Regression implementations, incorporating uncertainty quantification, fairness constraints, concept drift adaptation, and human-in-the-loop oversight mechanisms."
Linear Regression,"Linear Regression models a continuous target variable as a weighted linear combination of input features, estimated via Ordinary Least Squares (OLS) or regularized variants (Ridge, Lasso, ElasticNet). Key assumptions include linearity, homoscedasticity, independence of errors, and absence of multicollinearity. Extensions such as Generalized Linear Models (GLMs) and Polynomial Regression handle non-linearities and non-Gaussian response distributions. In practice, coefficient interpretability, residual diagnostics, and assumption violations are critical concerns for deployment in regulated industries.",Create,"A smart-grid energy provider uses historical consumption patterns, weather data, and IoT sensor readings to forecast regional electricity demand 72 hours in advance to prevent grid failures.","Design a research agenda to advance Linear Regression methodology specifically for high-stakes energy applications, proposing three novel experimental studies that would yield actionable insights for production practitioners."
Linear Regression,"Linear Regression models a continuous target variable as a weighted linear combination of input features, estimated via Ordinary Least Squares (OLS) or regularized variants (Ridge, Lasso, ElasticNet). Key assumptions include linearity, homoscedasticity, independence of errors, and absence of multicollinearity. Extensions such as Generalized Linear Models (GLMs) and Polynomial Regression handle non-linearities and non-Gaussian response distributions. In practice, coefficient interpretability, residual diagnostics, and assumption violations are critical concerns for deployment in regulated industries.",Create,"An algorithmic trading firm models the relationship between macroeconomic indicators (CPI, interest rates, yield curves) and equity returns to generate signals for portfolio rebalancing.","Construct a comprehensive MLOps framework tailored for Linear Regression deployment in this context, covering the full model lifecycle: data versioning, experiment tracking, automated retraining triggers, A/B testing infrastructure, and incident response playbooks."
Linear Regression,"Linear Regression models a continuous target variable as a weighted linear combination of input features, estimated via Ordinary Least Squares (OLS) or regularized variants (Ridge, Lasso, ElasticNet). Key assumptions include linearity, homoscedasticity, independence of errors, and absence of multicollinearity. Extensions such as Generalized Linear Models (GLMs) and Polynomial Regression handle non-linearities and non-Gaussian response distributions. In practice, coefficient interpretability, residual diagnostics, and assumption violations are critical concerns for deployment in regulated industries.",Create,"A real estate fintech platform estimates property valuations in rapidly developing urban corridors using features like proximity to infrastructure projects, zoning changes, and demographic shifts.","Formulate a hybrid modeling strategy that combines Linear Regression with complementary methods to overcome its core weaknesses in this context, specifying the technical integration architecture, the decision boundaries between model components, and the validation protocol for the composite system."
Logistic Regression,"Logistic Regression is a probabilistic linear classifier that models the log-odds of a binary outcome using the sigmoid (logistic) function, estimated via Maximum Likelihood Estimation (MLE). It produces calibrated probability outputs, making it particularly suitable for risk-scored decision systems. Regularization (L1/L2) addresses high-dimensional feature spaces, while class imbalance handling (SMOTE, cost-sensitive learning) is critical in real-world fraud and medical classification tasks. The model's interpretability makes it a regulatory baseline in finance and healthcare.",Remember,"A tier-1 bank's credit risk team must build an explainable model to predict loan default probability for regulatory compliance under Basel III requirements, balancing accuracy with interpretability.","In the context of deploying Logistic Regression within regulatory, enumerate the fundamental mathematical assumptions and algorithmic constraints that must be verified prior to model selection."
Logistic Regression,"Logistic Regression is a probabilistic linear classifier that models the log-odds of a binary outcome using the sigmoid (logistic) function, estimated via Maximum Likelihood Estimation (MLE). It produces calibrated probability outputs, making it particularly suitable for risk-scored decision systems. Regularization (L1/L2) addresses high-dimensional feature spaces, while class imbalance handling (SMOTE, cost-sensitive learning) is critical in real-world fraud and medical classification tasks. The model's interpretability makes it a regulatory baseline in finance and healthcare.",Remember,"A hospital system uses patient vitals, lab results, and admission triage data to predict ICU transfer risk within 6 hours of admission, directly informing nurse-to-patient staffing ratios.","A data science team onboarding to a enterprise project requests a comprehensive taxonomy of the core components, parameters, and operational boundaries that define Logistic Regression."
Logistic Regression,"Logistic Regression is a probabilistic linear classifier that models the log-odds of a binary outcome using the sigmoid (logistic) function, estimated via Maximum Likelihood Estimation (MLE). It produces calibrated probability outputs, making it particularly suitable for risk-scored decision systems. Regularization (L1/L2) addresses high-dimensional feature spaces, while class imbalance handling (SMOTE, cost-sensitive learning) is critical in real-world fraud and medical classification tasks. The model's interpretability makes it a regulatory baseline in finance and healthcare.",Remember,An e-commerce platform's trust and safety team trains a real-time classifier to detect fraudulent account creation attempts using behavioral biometrics and device fingerprinting signals.,"Within the regulatory documentation for a enterprise system, specify the defining characteristics of Logistic Regression that distinguish it from adjacent methodological approaches."
Logistic Regression,"Logistic Regression is a probabilistic linear classifier that models the log-odds of a binary outcome using the sigmoid (logistic) function, estimated via Maximum Likelihood Estimation (MLE). It produces calibrated probability outputs, making it particularly suitable for risk-scored decision systems. Regularization (L1/L2) addresses high-dimensional feature spaces, while class imbalance handling (SMOTE, cost-sensitive learning) is critical in real-world fraud and medical classification tasks. The model's interpretability makes it a regulatory baseline in finance and healthcare.",Remember,"A political campaign analytics team models voter turnout probability in swing districts using census data, historical voting records, and canvassing interaction logs to optimize resource allocation.",Catalogue the essential computational and statistical prerequisites that must be satisfied before Logistic Regression can be validly applied within a enterprise operational context.
Logistic Regression,"Logistic Regression is a probabilistic linear classifier that models the log-odds of a binary outcome using the sigmoid (logistic) function, estimated via Maximum Likelihood Estimation (MLE). It produces calibrated probability outputs, making it particularly suitable for risk-scored decision systems. Regularization (L1/L2) addresses high-dimensional feature spaces, while class imbalance handling (SMOTE, cost-sensitive learning) is critical in real-world fraud and medical classification tasks. The model's interpretability makes it a regulatory baseline in finance and healthcare.",Understand,"A tier-1 bank's credit risk team must build an explainable model to predict loan default probability for regulatory compliance under Basel III requirements, balancing accuracy with interpretability.","Articulate in precise technical terms how the core learning mechanism of Logistic Regression operates under the distributional assumptions present in regulatory data, specifically addressing what occurs when those assumptions are violated."
Logistic Regression,"Logistic Regression is a probabilistic linear classifier that models the log-odds of a binary outcome using the sigmoid (logistic) function, estimated via Maximum Likelihood Estimation (MLE). It produces calibrated probability outputs, making it particularly suitable for risk-scored decision systems. Regularization (L1/L2) addresses high-dimensional feature spaces, while class imbalance handling (SMOTE, cost-sensitive learning) is critical in real-world fraud and medical classification tasks. The model's interpretability makes it a regulatory baseline in finance and healthcare.",Understand,"A hospital system uses patient vitals, lab results, and admission triage data to predict ICU transfer risk within 6 hours of admission, directly informing nurse-to-patient staffing ratios.",A senior ML engineer must brief a cross-functional product team on why Logistic Regression exhibits particular failure modes in enterprise applications — explain the underlying statistical rationale for these limitations.
Logistic Regression,"Logistic Regression is a probabilistic linear classifier that models the log-odds of a binary outcome using the sigmoid (logistic) function, estimated via Maximum Likelihood Estimation (MLE). It produces calibrated probability outputs, making it particularly suitable for risk-scored decision systems. Regularization (L1/L2) addresses high-dimensional feature spaces, while class imbalance handling (SMOTE, cost-sensitive learning) is critical in real-world fraud and medical classification tasks. The model's interpretability makes it a regulatory baseline in finance and healthcare.",Understand,An e-commerce platform's trust and safety team trains a real-time classifier to detect fraudulent account creation attempts using behavioral biometrics and device fingerprinting signals.,Construct a conceptual explanation that differentiates the theoretical generalization behavior of Logistic Regression from its empirical performance characteristics when deployed in a high-stakes enterprise pipeline.
Logistic Regression,"Logistic Regression is a probabilistic linear classifier that models the log-odds of a binary outcome using the sigmoid (logistic) function, estimated via Maximum Likelihood Estimation (MLE). It produces calibrated probability outputs, making it particularly suitable for risk-scored decision systems. Regularization (L1/L2) addresses high-dimensional feature spaces, while class imbalance handling (SMOTE, cost-sensitive learning) is critical in real-world fraud and medical classification tasks. The model's interpretability makes it a regulatory baseline in finance and healthcare.",Understand,"A political campaign analytics team models voter turnout probability in swing districts using census data, historical voting records, and canvassing interaction logs to optimize resource allocation.",Interpret the mathematical intuition behind Logistic Regression's core optimization objective and explain how deviations in enterprise data quality would propagate through the model's internal representations.
Logistic Regression,"Logistic Regression is a probabilistic linear classifier that models the log-odds of a binary outcome using the sigmoid (logistic) function, estimated via Maximum Likelihood Estimation (MLE). It produces calibrated probability outputs, making it particularly suitable for risk-scored decision systems. Regularization (L1/L2) addresses high-dimensional feature spaces, while class imbalance handling (SMOTE, cost-sensitive learning) is critical in real-world fraud and medical classification tasks. The model's interpretability makes it a regulatory baseline in finance and healthcare.",Apply,"A tier-1 bank's credit risk team must build an explainable model to predict loan default probability for regulatory compliance under Basel III requirements, balancing accuracy with interpretability.","Given this deployment scenario, outline the complete preprocessing pipeline, feature engineering strategy, and hyperparameter configuration required to deploy Logistic Regression as a production-grade component within this system."
Logistic Regression,"Logistic Regression is a probabilistic linear classifier that models the log-odds of a binary outcome using the sigmoid (logistic) function, estimated via Maximum Likelihood Estimation (MLE). It produces calibrated probability outputs, making it particularly suitable for risk-scored decision systems. Regularization (L1/L2) addresses high-dimensional feature spaces, while class imbalance handling (SMOTE, cost-sensitive learning) is critical in real-world fraud and medical classification tasks. The model's interpretability makes it a regulatory baseline in finance and healthcare.",Apply,"A hospital system uses patient vitals, lab results, and admission triage data to predict ICU transfer risk within 6 hours of admission, directly informing nurse-to-patient staffing ratios.","A team inherits a legacy enterprise system using Logistic Regression with significant technical debt. Describe the concrete implementation steps to refactor the pipeline for improved reliability, latency, and maintainability."
Logistic Regression,"Logistic Regression is a probabilistic linear classifier that models the log-odds of a binary outcome using the sigmoid (logistic) function, estimated via Maximum Likelihood Estimation (MLE). It produces calibrated probability outputs, making it particularly suitable for risk-scored decision systems. Regularization (L1/L2) addresses high-dimensional feature spaces, while class imbalance handling (SMOTE, cost-sensitive learning) is critical in real-world fraud and medical classification tasks. The model's interpretability makes it a regulatory baseline in finance and healthcare.",Apply,An e-commerce platform's trust and safety team trains a real-time classifier to detect fraudulent account creation attempts using behavioral biometrics and device fingerprinting signals.,"Implement a validation framework for Logistic Regression in this deployment scenario context, specifying the exact metrics, thresholds, and data split strategies appropriate for the operational constraints and risk profile of this application."
Logistic Regression,"Logistic Regression is a probabilistic linear classifier that models the log-odds of a binary outcome using the sigmoid (logistic) function, estimated via Maximum Likelihood Estimation (MLE). It produces calibrated probability outputs, making it particularly suitable for risk-scored decision systems. Regularization (L1/L2) addresses high-dimensional feature spaces, while class imbalance handling (SMOTE, cost-sensitive learning) is critical in real-world fraud and medical classification tasks. The model's interpretability makes it a regulatory baseline in finance and healthcare.",Apply,"A political campaign analytics team models voter turnout probability in swing districts using census data, historical voting records, and canvassing interaction logs to optimize resource allocation.","Considering this deployment scenario, detail the end-to-end inference pipeline design for Logistic Regression, including feature serving, model versioning, monitoring hooks, and fallback mechanisms for production deployment."
Logistic Regression,"Logistic Regression is a probabilistic linear classifier that models the log-odds of a binary outcome using the sigmoid (logistic) function, estimated via Maximum Likelihood Estimation (MLE). It produces calibrated probability outputs, making it particularly suitable for risk-scored decision systems. Regularization (L1/L2) addresses high-dimensional feature spaces, while class imbalance handling (SMOTE, cost-sensitive learning) is critical in real-world fraud and medical classification tasks. The model's interpretability makes it a regulatory baseline in finance and healthcare.",Analyze,"A tier-1 bank's credit risk team must build an explainable model to predict loan default probability for regulatory compliance under Basel III requirements, balancing accuracy with interpretability.","In this deployment scenario, the Logistic Regression model begins exhibiting significant performance degradation six months after deployment. Conduct a systematic diagnostic analysis identifying the most probable root causes and distinguishing between data drift, concept drift, and model decay hypotheses."
Logistic Regression,"Logistic Regression is a probabilistic linear classifier that models the log-odds of a binary outcome using the sigmoid (logistic) function, estimated via Maximum Likelihood Estimation (MLE). It produces calibrated probability outputs, making it particularly suitable for risk-scored decision systems. Regularization (L1/L2) addresses high-dimensional feature spaces, while class imbalance handling (SMOTE, cost-sensitive learning) is critical in real-world fraud and medical classification tasks. The model's interpretability makes it a regulatory baseline in finance and healthcare.",Analyze,"A hospital system uses patient vitals, lab results, and admission triage data to predict ICU transfer risk within 6 hours of admission, directly informing nurse-to-patient staffing ratios.","Critically compare the architectural trade-offs between Logistic Regression and two alternative algorithmic families for this deployment scenario use case, analyzing computational complexity, interpretability requirements, uncertainty quantification capacity, and regulatory compliance constraints."
Logistic Regression,"Logistic Regression is a probabilistic linear classifier that models the log-odds of a binary outcome using the sigmoid (logistic) function, estimated via Maximum Likelihood Estimation (MLE). It produces calibrated probability outputs, making it particularly suitable for risk-scored decision systems. Regularization (L1/L2) addresses high-dimensional feature spaces, while class imbalance handling (SMOTE, cost-sensitive learning) is critical in real-world fraud and medical classification tasks. The model's interpretability makes it a regulatory baseline in finance and healthcare.",Analyze,An e-commerce platform's trust and safety team trains a real-time classifier to detect fraudulent account creation attempts using behavioral biometrics and device fingerprinting signals.,"Decompose the potential failure modes of Logistic Regression in this deployment scenario context into data-quality failures, distributional shift failures, model specification failures, and deployment infrastructure failures, and analyze the downstream business and safety consequences of each."
Logistic Regression,"Logistic Regression is a probabilistic linear classifier that models the log-odds of a binary outcome using the sigmoid (logistic) function, estimated via Maximum Likelihood Estimation (MLE). It produces calibrated probability outputs, making it particularly suitable for risk-scored decision systems. Regularization (L1/L2) addresses high-dimensional feature spaces, while class imbalance handling (SMOTE, cost-sensitive learning) is critical in real-world fraud and medical classification tasks. The model's interpretability makes it a regulatory baseline in finance and healthcare.",Analyze,"A political campaign analytics team models voter turnout probability in swing districts using census data, historical voting records, and canvassing interaction logs to optimize resource allocation.","Examine the interaction effects between Logistic Regression's core assumptions and the specific data-generating process in this context, identifying which assumption violations are benign, which are correctable, and which would fundamentally invalidate the modeling approach."
Logistic Regression,"Logistic Regression is a probabilistic linear classifier that models the log-odds of a binary outcome using the sigmoid (logistic) function, estimated via Maximum Likelihood Estimation (MLE). It produces calibrated probability outputs, making it particularly suitable for risk-scored decision systems. Regularization (L1/L2) addresses high-dimensional feature spaces, while class imbalance handling (SMOTE, cost-sensitive learning) is critical in real-world fraud and medical classification tasks. The model's interpretability makes it a regulatory baseline in finance and healthcare.",Evaluate,"A tier-1 bank's credit risk team must build an explainable model to predict loan default probability for regulatory compliance under Basel III requirements, balancing accuracy with interpretability.","In this deployment scenario, multiple ML teams are advocating for Logistic Regression as the production system. Formulate a rigorous evaluation framework that quantifies not only predictive performance but also business value, operational risk, fairness, interpretability, and total cost of ownership."
Logistic Regression,"Logistic Regression is a probabilistic linear classifier that models the log-odds of a binary outcome using the sigmoid (logistic) function, estimated via Maximum Likelihood Estimation (MLE). It produces calibrated probability outputs, making it particularly suitable for risk-scored decision systems. Regularization (L1/L2) addresses high-dimensional feature spaces, while class imbalance handling (SMOTE, cost-sensitive learning) is critical in real-world fraud and medical classification tasks. The model's interpretability makes it a regulatory baseline in finance and healthcare.",Evaluate,"A hospital system uses patient vitals, lab results, and admission triage data to predict ICU transfer risk within 6 hours of admission, directly informing nurse-to-patient staffing ratios.","Critically assess the deployment readiness of a Logistic Regression model in this deployment scenario context, evaluating the model's robustness to adversarial inputs, its calibration quality, its behavior under distribution shift, and the adequacy of its monitoring instrumentation."
Logistic Regression,"Logistic Regression is a probabilistic linear classifier that models the log-odds of a binary outcome using the sigmoid (logistic) function, estimated via Maximum Likelihood Estimation (MLE). It produces calibrated probability outputs, making it particularly suitable for risk-scored decision systems. Regularization (L1/L2) addresses high-dimensional feature spaces, while class imbalance handling (SMOTE, cost-sensitive learning) is critical in real-world fraud and medical classification tasks. The model's interpretability makes it a regulatory baseline in finance and healthcare.",Evaluate,An e-commerce platform's trust and safety team trains a real-time classifier to detect fraudulent account creation attempts using behavioral biometrics and device fingerprinting signals.,"A regulatory body is reviewing the use of Logistic Regression in this context. Argue for or against the model's fitness for purpose, substantiating your position with specific evidence criteria, acceptable risk thresholds, and the consequences of both Type I and Type II decision errors."
Logistic Regression,"Logistic Regression is a probabilistic linear classifier that models the log-odds of a binary outcome using the sigmoid (logistic) function, estimated via Maximum Likelihood Estimation (MLE). It produces calibrated probability outputs, making it particularly suitable for risk-scored decision systems. Regularization (L1/L2) addresses high-dimensional feature spaces, while class imbalance handling (SMOTE, cost-sensitive learning) is critical in real-world fraud and medical classification tasks. The model's interpretability makes it a regulatory baseline in finance and healthcare.",Evaluate,"A political campaign analytics team models voter turnout probability in swing districts using census data, historical voting records, and canvassing interaction logs to optimize resource allocation.","Evaluate the long-term sustainability of a Logistic Regression-based solution for this use case, considering model decay trajectories, retraining cost structures, data governance requirements, and the ethical implications of scaled automated decision-making in this domain."
Logistic Regression,"Logistic Regression is a probabilistic linear classifier that models the log-odds of a binary outcome using the sigmoid (logistic) function, estimated via Maximum Likelihood Estimation (MLE). It produces calibrated probability outputs, making it particularly suitable for risk-scored decision systems. Regularization (L1/L2) addresses high-dimensional feature spaces, while class imbalance handling (SMOTE, cost-sensitive learning) is critical in real-world fraud and medical classification tasks. The model's interpretability makes it a regulatory baseline in finance and healthcare.",Create,"A tier-1 bank's credit risk team must build an explainable model to predict loan default probability for regulatory compliance under Basel III requirements, balancing accuracy with interpretability.","Architect a novel ML system for this use case that addresses the key limitations of standard Logistic Regression implementations, incorporating uncertainty quantification, fairness constraints, concept drift adaptation, and human-in-the-loop oversight mechanisms."
Logistic Regression,"Logistic Regression is a probabilistic linear classifier that models the log-odds of a binary outcome using the sigmoid (logistic) function, estimated via Maximum Likelihood Estimation (MLE). It produces calibrated probability outputs, making it particularly suitable for risk-scored decision systems. Regularization (L1/L2) addresses high-dimensional feature spaces, while class imbalance handling (SMOTE, cost-sensitive learning) is critical in real-world fraud and medical classification tasks. The model's interpretability makes it a regulatory baseline in finance and healthcare.",Create,"A hospital system uses patient vitals, lab results, and admission triage data to predict ICU transfer risk within 6 hours of admission, directly informing nurse-to-patient staffing ratios.","Design a research agenda to advance Logistic Regression methodology specifically for high-stakes enterprise applications, proposing three novel experimental studies that would yield actionable insights for production practitioners."
Logistic Regression,"Logistic Regression is a probabilistic linear classifier that models the log-odds of a binary outcome using the sigmoid (logistic) function, estimated via Maximum Likelihood Estimation (MLE). It produces calibrated probability outputs, making it particularly suitable for risk-scored decision systems. Regularization (L1/L2) addresses high-dimensional feature spaces, while class imbalance handling (SMOTE, cost-sensitive learning) is critical in real-world fraud and medical classification tasks. The model's interpretability makes it a regulatory baseline in finance and healthcare.",Create,An e-commerce platform's trust and safety team trains a real-time classifier to detect fraudulent account creation attempts using behavioral biometrics and device fingerprinting signals.,"Construct a comprehensive MLOps framework tailored for Logistic Regression deployment in this context, covering the full model lifecycle: data versioning, experiment tracking, automated retraining triggers, A/B testing infrastructure, and incident response playbooks."
Logistic Regression,"Logistic Regression is a probabilistic linear classifier that models the log-odds of a binary outcome using the sigmoid (logistic) function, estimated via Maximum Likelihood Estimation (MLE). It produces calibrated probability outputs, making it particularly suitable for risk-scored decision systems. Regularization (L1/L2) addresses high-dimensional feature spaces, while class imbalance handling (SMOTE, cost-sensitive learning) is critical in real-world fraud and medical classification tasks. The model's interpretability makes it a regulatory baseline in finance and healthcare.",Create,"A political campaign analytics team models voter turnout probability in swing districts using census data, historical voting records, and canvassing interaction logs to optimize resource allocation.","Formulate a hybrid modeling strategy that combines Logistic Regression with complementary methods to overcome its core weaknesses in this context, specifying the technical integration architecture, the decision boundaries between model components, and the validation protocol for the composite system."
Decision Trees,"Decision Trees are non-parametric supervised models that recursively partition the feature space using splitting criteria such as Gini Impurity or Information Gain. Their inherent interpretability (human-readable rule sets) makes them valuable in regulated domains, though they are prone to overfitting and variance amplification. Pruning strategies (pre-pruning via max_depth, post-pruning via cost-complexity), handling of missing values, and categorical variable encoding are critical practical considerations. Decision trees serve as the foundational component for ensemble methods.",Remember,"A manufacturing plant's quality control system must classify product defects in real-time on a conveyor belt using sensor telemetry, with the model's rules directly auditable by plant engineers.","In the context of deploying Decision Trees within manufacturing, enumerate the fundamental mathematical assumptions and algorithmic constraints that must be verified prior to model selection."
Decision Trees,"Decision Trees are non-parametric supervised models that recursively partition the feature space using splitting criteria such as Gini Impurity or Information Gain. Their inherent interpretability (human-readable rule sets) makes them valuable in regulated domains, though they are prone to overfitting and variance amplification. Pruning strategies (pre-pruning via max_depth, post-pruning via cost-complexity), handling of missing values, and categorical variable encoding are critical practical considerations. Decision trees serve as the foundational component for ensemble methods.",Remember,"An insurance underwriting system evaluates commercial property risk using a rule-based ML model that adjusts premiums based on building age, construction type, claims history, and flood zone proximity.","A data science team onboarding to a enterprise project requests a comprehensive taxonomy of the core components, parameters, and operational boundaries that define Decision Trees."
Decision Trees,"Decision Trees are non-parametric supervised models that recursively partition the feature space using splitting criteria such as Gini Impurity or Information Gain. Their inherent interpretability (human-readable rule sets) makes them valuable in regulated domains, though they are prone to overfitting and variance amplification. Pruning strategies (pre-pruning via max_depth, post-pruning via cost-complexity), handling of missing values, and categorical variable encoding are critical practical considerations. Decision trees serve as the foundational component for ensemble methods.",Remember,"A pediatric hospital uses a decision tree to guide triage nurses in prioritizing emergency cases based on presenting symptoms, vital signs, and age, with explicit decision rules for clinical audit.","Within the regulatory documentation for a enterprise system, specify the defining characteristics of Decision Trees that distinguish it from adjacent methodological approaches."
Decision Trees,"Decision Trees are non-parametric supervised models that recursively partition the feature space using splitting criteria such as Gini Impurity or Information Gain. Their inherent interpretability (human-readable rule sets) makes them valuable in regulated domains, though they are prone to overfitting and variance amplification. Pruning strategies (pre-pruning via max_depth, post-pruning via cost-complexity), handling of missing values, and categorical variable encoding are critical practical considerations. Decision trees serve as the foundational component for ensemble methods.",Remember,A fintech lending startup segments loan applicants into risk tiers using interpretable tree-based rules that must satisfy fair lending laws (ECOA) by excluding protected characteristics.,Catalogue the essential computational and statistical prerequisites that must be satisfied before Decision Trees can be validly applied within a enterprise operational context.
Decision Trees,"Decision Trees are non-parametric supervised models that recursively partition the feature space using splitting criteria such as Gini Impurity or Information Gain. Their inherent interpretability (human-readable rule sets) makes them valuable in regulated domains, though they are prone to overfitting and variance amplification. Pruning strategies (pre-pruning via max_depth, post-pruning via cost-complexity), handling of missing values, and categorical variable encoding are critical practical considerations. Decision trees serve as the foundational component for ensemble methods.",Understand,"A manufacturing plant's quality control system must classify product defects in real-time on a conveyor belt using sensor telemetry, with the model's rules directly auditable by plant engineers.","Articulate in precise technical terms how the core learning mechanism of Decision Trees operates under the distributional assumptions present in manufacturing data, specifically addressing what occurs when those assumptions are violated."
Decision Trees,"Decision Trees are non-parametric supervised models that recursively partition the feature space using splitting criteria such as Gini Impurity or Information Gain. Their inherent interpretability (human-readable rule sets) makes them valuable in regulated domains, though they are prone to overfitting and variance amplification. Pruning strategies (pre-pruning via max_depth, post-pruning via cost-complexity), handling of missing values, and categorical variable encoding are critical practical considerations. Decision trees serve as the foundational component for ensemble methods.",Understand,"An insurance underwriting system evaluates commercial property risk using a rule-based ML model that adjusts premiums based on building age, construction type, claims history, and flood zone proximity.",A senior ML engineer must brief a cross-functional product team on why Decision Trees exhibits particular failure modes in enterprise applications — explain the underlying statistical rationale for these limitations.
Decision Trees,"Decision Trees are non-parametric supervised models that recursively partition the feature space using splitting criteria such as Gini Impurity or Information Gain. Their inherent interpretability (human-readable rule sets) makes them valuable in regulated domains, though they are prone to overfitting and variance amplification. Pruning strategies (pre-pruning via max_depth, post-pruning via cost-complexity), handling of missing values, and categorical variable encoding are critical practical considerations. Decision trees serve as the foundational component for ensemble methods.",Understand,"A pediatric hospital uses a decision tree to guide triage nurses in prioritizing emergency cases based on presenting symptoms, vital signs, and age, with explicit decision rules for clinical audit.",Construct a conceptual explanation that differentiates the theoretical generalization behavior of Decision Trees from its empirical performance characteristics when deployed in a high-stakes enterprise pipeline.
Decision Trees,"Decision Trees are non-parametric supervised models that recursively partition the feature space using splitting criteria such as Gini Impurity or Information Gain. Their inherent interpretability (human-readable rule sets) makes them valuable in regulated domains, though they are prone to overfitting and variance amplification. Pruning strategies (pre-pruning via max_depth, post-pruning via cost-complexity), handling of missing values, and categorical variable encoding are critical practical considerations. Decision trees serve as the foundational component for ensemble methods.",Understand,A fintech lending startup segments loan applicants into risk tiers using interpretable tree-based rules that must satisfy fair lending laws (ECOA) by excluding protected characteristics.,Interpret the mathematical intuition behind Decision Trees's core optimization objective and explain how deviations in enterprise data quality would propagate through the model's internal representations.
Decision Trees,"Decision Trees are non-parametric supervised models that recursively partition the feature space using splitting criteria such as Gini Impurity or Information Gain. Their inherent interpretability (human-readable rule sets) makes them valuable in regulated domains, though they are prone to overfitting and variance amplification. Pruning strategies (pre-pruning via max_depth, post-pruning via cost-complexity), handling of missing values, and categorical variable encoding are critical practical considerations. Decision trees serve as the foundational component for ensemble methods.",Apply,"A manufacturing plant's quality control system must classify product defects in real-time on a conveyor belt using sensor telemetry, with the model's rules directly auditable by plant engineers.","Given this deployment scenario, outline the complete preprocessing pipeline, feature engineering strategy, and hyperparameter configuration required to deploy Decision Trees as a production-grade component within this system."
Decision Trees,"Decision Trees are non-parametric supervised models that recursively partition the feature space using splitting criteria such as Gini Impurity or Information Gain. Their inherent interpretability (human-readable rule sets) makes them valuable in regulated domains, though they are prone to overfitting and variance amplification. Pruning strategies (pre-pruning via max_depth, post-pruning via cost-complexity), handling of missing values, and categorical variable encoding are critical practical considerations. Decision trees serve as the foundational component for ensemble methods.",Apply,"An insurance underwriting system evaluates commercial property risk using a rule-based ML model that adjusts premiums based on building age, construction type, claims history, and flood zone proximity.","A team inherits a legacy enterprise system using Decision Trees with significant technical debt. Describe the concrete implementation steps to refactor the pipeline for improved reliability, latency, and maintainability."
Decision Trees,"Decision Trees are non-parametric supervised models that recursively partition the feature space using splitting criteria such as Gini Impurity or Information Gain. Their inherent interpretability (human-readable rule sets) makes them valuable in regulated domains, though they are prone to overfitting and variance amplification. Pruning strategies (pre-pruning via max_depth, post-pruning via cost-complexity), handling of missing values, and categorical variable encoding are critical practical considerations. Decision trees serve as the foundational component for ensemble methods.",Apply,"A pediatric hospital uses a decision tree to guide triage nurses in prioritizing emergency cases based on presenting symptoms, vital signs, and age, with explicit decision rules for clinical audit.","Implement a validation framework for Decision Trees in this deployment scenario context, specifying the exact metrics, thresholds, and data split strategies appropriate for the operational constraints and risk profile of this application."
Decision Trees,"Decision Trees are non-parametric supervised models that recursively partition the feature space using splitting criteria such as Gini Impurity or Information Gain. Their inherent interpretability (human-readable rule sets) makes them valuable in regulated domains, though they are prone to overfitting and variance amplification. Pruning strategies (pre-pruning via max_depth, post-pruning via cost-complexity), handling of missing values, and categorical variable encoding are critical practical considerations. Decision trees serve as the foundational component for ensemble methods.",Apply,A fintech lending startup segments loan applicants into risk tiers using interpretable tree-based rules that must satisfy fair lending laws (ECOA) by excluding protected characteristics.,"Considering this deployment scenario, detail the end-to-end inference pipeline design for Decision Trees, including feature serving, model versioning, monitoring hooks, and fallback mechanisms for production deployment."
Decision Trees,"Decision Trees are non-parametric supervised models that recursively partition the feature space using splitting criteria such as Gini Impurity or Information Gain. Their inherent interpretability (human-readable rule sets) makes them valuable in regulated domains, though they are prone to overfitting and variance amplification. Pruning strategies (pre-pruning via max_depth, post-pruning via cost-complexity), handling of missing values, and categorical variable encoding are critical practical considerations. Decision trees serve as the foundational component for ensemble methods.",Analyze,"A manufacturing plant's quality control system must classify product defects in real-time on a conveyor belt using sensor telemetry, with the model's rules directly auditable by plant engineers.","In this deployment scenario, the Decision Trees model begins exhibiting significant performance degradation six months after deployment. Conduct a systematic diagnostic analysis identifying the most probable root causes and distinguishing between data drift, concept drift, and model decay hypotheses."
Decision Trees,"Decision Trees are non-parametric supervised models that recursively partition the feature space using splitting criteria such as Gini Impurity or Information Gain. Their inherent interpretability (human-readable rule sets) makes them valuable in regulated domains, though they are prone to overfitting and variance amplification. Pruning strategies (pre-pruning via max_depth, post-pruning via cost-complexity), handling of missing values, and categorical variable encoding are critical practical considerations. Decision trees serve as the foundational component for ensemble methods.",Analyze,"An insurance underwriting system evaluates commercial property risk using a rule-based ML model that adjusts premiums based on building age, construction type, claims history, and flood zone proximity.","Critically compare the architectural trade-offs between Decision Trees and two alternative algorithmic families for this deployment scenario use case, analyzing computational complexity, interpretability requirements, uncertainty quantification capacity, and regulatory compliance constraints."
Decision Trees,"Decision Trees are non-parametric supervised models that recursively partition the feature space using splitting criteria such as Gini Impurity or Information Gain. Their inherent interpretability (human-readable rule sets) makes them valuable in regulated domains, though they are prone to overfitting and variance amplification. Pruning strategies (pre-pruning via max_depth, post-pruning via cost-complexity), handling of missing values, and categorical variable encoding are critical practical considerations. Decision trees serve as the foundational component for ensemble methods.",Analyze,"A pediatric hospital uses a decision tree to guide triage nurses in prioritizing emergency cases based on presenting symptoms, vital signs, and age, with explicit decision rules for clinical audit.","Decompose the potential failure modes of Decision Trees in this deployment scenario context into data-quality failures, distributional shift failures, model specification failures, and deployment infrastructure failures, and analyze the downstream business and safety consequences of each."
Decision Trees,"Decision Trees are non-parametric supervised models that recursively partition the feature space using splitting criteria such as Gini Impurity or Information Gain. Their inherent interpretability (human-readable rule sets) makes them valuable in regulated domains, though they are prone to overfitting and variance amplification. Pruning strategies (pre-pruning via max_depth, post-pruning via cost-complexity), handling of missing values, and categorical variable encoding are critical practical considerations. Decision trees serve as the foundational component for ensemble methods.",Analyze,A fintech lending startup segments loan applicants into risk tiers using interpretable tree-based rules that must satisfy fair lending laws (ECOA) by excluding protected characteristics.,"Examine the interaction effects between Decision Trees's core assumptions and the specific data-generating process in this context, identifying which assumption violations are benign, which are correctable, and which would fundamentally invalidate the modeling approach."
Decision Trees,"Decision Trees are non-parametric supervised models that recursively partition the feature space using splitting criteria such as Gini Impurity or Information Gain. Their inherent interpretability (human-readable rule sets) makes them valuable in regulated domains, though they are prone to overfitting and variance amplification. Pruning strategies (pre-pruning via max_depth, post-pruning via cost-complexity), handling of missing values, and categorical variable encoding are critical practical considerations. Decision trees serve as the foundational component for ensemble methods.",Evaluate,"A manufacturing plant's quality control system must classify product defects in real-time on a conveyor belt using sensor telemetry, with the model's rules directly auditable by plant engineers.","In this deployment scenario, multiple ML teams are advocating for Decision Trees as the production system. Formulate a rigorous evaluation framework that quantifies not only predictive performance but also business value, operational risk, fairness, interpretability, and total cost of ownership."
Decision Trees,"Decision Trees are non-parametric supervised models that recursively partition the feature space using splitting criteria such as Gini Impurity or Information Gain. Their inherent interpretability (human-readable rule sets) makes them valuable in regulated domains, though they are prone to overfitting and variance amplification. Pruning strategies (pre-pruning via max_depth, post-pruning via cost-complexity), handling of missing values, and categorical variable encoding are critical practical considerations. Decision trees serve as the foundational component for ensemble methods.",Evaluate,"An insurance underwriting system evaluates commercial property risk using a rule-based ML model that adjusts premiums based on building age, construction type, claims history, and flood zone proximity.","Critically assess the deployment readiness of a Decision Trees model in this deployment scenario context, evaluating the model's robustness to adversarial inputs, its calibration quality, its behavior under distribution shift, and the adequacy of its monitoring instrumentation."
Decision Trees,"Decision Trees are non-parametric supervised models that recursively partition the feature space using splitting criteria such as Gini Impurity or Information Gain. Their inherent interpretability (human-readable rule sets) makes them valuable in regulated domains, though they are prone to overfitting and variance amplification. Pruning strategies (pre-pruning via max_depth, post-pruning via cost-complexity), handling of missing values, and categorical variable encoding are critical practical considerations. Decision trees serve as the foundational component for ensemble methods.",Evaluate,"A pediatric hospital uses a decision tree to guide triage nurses in prioritizing emergency cases based on presenting symptoms, vital signs, and age, with explicit decision rules for clinical audit.","A regulatory body is reviewing the use of Decision Trees in this context. Argue for or against the model's fitness for purpose, substantiating your position with specific evidence criteria, acceptable risk thresholds, and the consequences of both Type I and Type II decision errors."
Decision Trees,"Decision Trees are non-parametric supervised models that recursively partition the feature space using splitting criteria such as Gini Impurity or Information Gain. Their inherent interpretability (human-readable rule sets) makes them valuable in regulated domains, though they are prone to overfitting and variance amplification. Pruning strategies (pre-pruning via max_depth, post-pruning via cost-complexity), handling of missing values, and categorical variable encoding are critical practical considerations. Decision trees serve as the foundational component for ensemble methods.",Evaluate,A fintech lending startup segments loan applicants into risk tiers using interpretable tree-based rules that must satisfy fair lending laws (ECOA) by excluding protected characteristics.,"Evaluate the long-term sustainability of a Decision Trees-based solution for this use case, considering model decay trajectories, retraining cost structures, data governance requirements, and the ethical implications of scaled automated decision-making in this domain."
Decision Trees,"Decision Trees are non-parametric supervised models that recursively partition the feature space using splitting criteria such as Gini Impurity or Information Gain. Their inherent interpretability (human-readable rule sets) makes them valuable in regulated domains, though they are prone to overfitting and variance amplification. Pruning strategies (pre-pruning via max_depth, post-pruning via cost-complexity), handling of missing values, and categorical variable encoding are critical practical considerations. Decision trees serve as the foundational component for ensemble methods.",Create,"A manufacturing plant's quality control system must classify product defects in real-time on a conveyor belt using sensor telemetry, with the model's rules directly auditable by plant engineers.","Architect a novel ML system for this use case that addresses the key limitations of standard Decision Trees implementations, incorporating uncertainty quantification, fairness constraints, concept drift adaptation, and human-in-the-loop oversight mechanisms."
Decision Trees,"Decision Trees are non-parametric supervised models that recursively partition the feature space using splitting criteria such as Gini Impurity or Information Gain. Their inherent interpretability (human-readable rule sets) makes them valuable in regulated domains, though they are prone to overfitting and variance amplification. Pruning strategies (pre-pruning via max_depth, post-pruning via cost-complexity), handling of missing values, and categorical variable encoding are critical practical considerations. Decision trees serve as the foundational component for ensemble methods.",Create,"An insurance underwriting system evaluates commercial property risk using a rule-based ML model that adjusts premiums based on building age, construction type, claims history, and flood zone proximity.","Design a research agenda to advance Decision Trees methodology specifically for high-stakes enterprise applications, proposing three novel experimental studies that would yield actionable insights for production practitioners."
Decision Trees,"Decision Trees are non-parametric supervised models that recursively partition the feature space using splitting criteria such as Gini Impurity or Information Gain. Their inherent interpretability (human-readable rule sets) makes them valuable in regulated domains, though they are prone to overfitting and variance amplification. Pruning strategies (pre-pruning via max_depth, post-pruning via cost-complexity), handling of missing values, and categorical variable encoding are critical practical considerations. Decision trees serve as the foundational component for ensemble methods.",Create,"A pediatric hospital uses a decision tree to guide triage nurses in prioritizing emergency cases based on presenting symptoms, vital signs, and age, with explicit decision rules for clinical audit.","Construct a comprehensive MLOps framework tailored for Decision Trees deployment in this context, covering the full model lifecycle: data versioning, experiment tracking, automated retraining triggers, A/B testing infrastructure, and incident response playbooks."
Decision Trees,"Decision Trees are non-parametric supervised models that recursively partition the feature space using splitting criteria such as Gini Impurity or Information Gain. Their inherent interpretability (human-readable rule sets) makes them valuable in regulated domains, though they are prone to overfitting and variance amplification. Pruning strategies (pre-pruning via max_depth, post-pruning via cost-complexity), handling of missing values, and categorical variable encoding are critical practical considerations. Decision trees serve as the foundational component for ensemble methods.",Create,A fintech lending startup segments loan applicants into risk tiers using interpretable tree-based rules that must satisfy fair lending laws (ECOA) by excluding protected characteristics.,"Formulate a hybrid modeling strategy that combines Decision Trees with complementary methods to overcome its core weaknesses in this context, specifying the technical integration architecture, the decision boundaries between model components, and the validation protocol for the composite system."
Random Forests,"Random Forests are bagging-based ensembles of decorrelated decision trees constructed via bootstrap sampling and random feature subsets at each split. They provide robust variance reduction, implicit feature selection via Gini importance or permutation importance, and out-of-bag (OOB) error estimation without a held-out validation set. Key hyperparameters include n_estimators, max_features, max_depth, and min_samples_split. Random forests handle high-dimensional data and mixed feature types well but lack interpretability at the ensemble level and can be memory-intensive in production.",Remember,"A genomics research lab predicts cancer subtype classification from high-dimensional gene expression data (50,000+ features), requiring feature importance rankings to guide targeted therapy research.","In the context of deploying Random Forests within enterprise, enumerate the fundamental mathematical assumptions and algorithmic constraints that must be verified prior to model selection."
Random Forests,"Random Forests are bagging-based ensembles of decorrelated decision trees constructed via bootstrap sampling and random feature subsets at each split. They provide robust variance reduction, implicit feature selection via Gini importance or permutation importance, and out-of-bag (OOB) error estimation without a held-out validation set. Key hyperparameters include n_estimators, max_features, max_depth, and min_samples_split. Random forests handle high-dimensional data and mixed feature types well but lack interpretability at the ensemble level and can be memory-intensive in production.",Remember,"A smart agriculture platform combines satellite imagery, soil sensor data, and weather station feeds to predict crop yield at field-level granularity for 10,000+ farms across three continents.","A data science team onboarding to a enterprise project requests a comprehensive taxonomy of the core components, parameters, and operational boundaries that define Random Forests."
Random Forests,"Random Forests are bagging-based ensembles of decorrelated decision trees constructed via bootstrap sampling and random feature subsets at each split. They provide robust variance reduction, implicit feature selection via Gini importance or permutation importance, and out-of-bag (OOB) error estimation without a held-out validation set. Key hyperparameters include n_estimators, max_features, max_depth, and min_samples_split. Random forests handle high-dimensional data and mixed feature types well but lack interpretability at the ensemble level and can be memory-intensive in production.",Remember,A cybersecurity firm builds an endpoint detection system using random forests trained on Windows process telemetry to identify novel malware execution patterns with sub-second latency requirements.,"Within the regulatory documentation for a cybersecurity system, specify the defining characteristics of Random Forests that distinguish it from adjacent methodological approaches."
Random Forests,"Random Forests are bagging-based ensembles of decorrelated decision trees constructed via bootstrap sampling and random feature subsets at each split. They provide robust variance reduction, implicit feature selection via Gini importance or permutation importance, and out-of-bag (OOB) error estimation without a held-out validation set. Key hyperparameters include n_estimators, max_features, max_depth, and min_samples_split. Random forests handle high-dimensional data and mixed feature types well but lack interpretability at the ensemble level and can be memory-intensive in production.",Remember,An autonomous vehicle company uses ensembled tree models to classify road surface conditions from LIDAR and camera sensor fusion data to dynamically adjust traction control algorithms.,Catalogue the essential computational and statistical prerequisites that must be satisfied before Random Forests can be validly applied within a enterprise operational context.
Random Forests,"Random Forests are bagging-based ensembles of decorrelated decision trees constructed via bootstrap sampling and random feature subsets at each split. They provide robust variance reduction, implicit feature selection via Gini importance or permutation importance, and out-of-bag (OOB) error estimation without a held-out validation set. Key hyperparameters include n_estimators, max_features, max_depth, and min_samples_split. Random forests handle high-dimensional data and mixed feature types well but lack interpretability at the ensemble level and can be memory-intensive in production.",Understand,"A genomics research lab predicts cancer subtype classification from high-dimensional gene expression data (50,000+ features), requiring feature importance rankings to guide targeted therapy research.","Articulate in precise technical terms how the core learning mechanism of Random Forests operates under the distributional assumptions present in enterprise data, specifically addressing what occurs when those assumptions are violated."
Random Forests,"Random Forests are bagging-based ensembles of decorrelated decision trees constructed via bootstrap sampling and random feature subsets at each split. They provide robust variance reduction, implicit feature selection via Gini importance or permutation importance, and out-of-bag (OOB) error estimation without a held-out validation set. Key hyperparameters include n_estimators, max_features, max_depth, and min_samples_split. Random forests handle high-dimensional data and mixed feature types well but lack interpretability at the ensemble level and can be memory-intensive in production.",Understand,"A smart agriculture platform combines satellite imagery, soil sensor data, and weather station feeds to predict crop yield at field-level granularity for 10,000+ farms across three continents.",A senior ML engineer must brief a cross-functional product team on why Random Forests exhibits particular failure modes in enterprise applications — explain the underlying statistical rationale for these limitations.
Random Forests,"Random Forests are bagging-based ensembles of decorrelated decision trees constructed via bootstrap sampling and random feature subsets at each split. They provide robust variance reduction, implicit feature selection via Gini importance or permutation importance, and out-of-bag (OOB) error estimation without a held-out validation set. Key hyperparameters include n_estimators, max_features, max_depth, and min_samples_split. Random forests handle high-dimensional data and mixed feature types well but lack interpretability at the ensemble level and can be memory-intensive in production.",Understand,A cybersecurity firm builds an endpoint detection system using random forests trained on Windows process telemetry to identify novel malware execution patterns with sub-second latency requirements.,Construct a conceptual explanation that differentiates the theoretical generalization behavior of Random Forests from its empirical performance characteristics when deployed in a high-stakes cybersecurity pipeline.
Random Forests,"Random Forests are bagging-based ensembles of decorrelated decision trees constructed via bootstrap sampling and random feature subsets at each split. They provide robust variance reduction, implicit feature selection via Gini importance or permutation importance, and out-of-bag (OOB) error estimation without a held-out validation set. Key hyperparameters include n_estimators, max_features, max_depth, and min_samples_split. Random forests handle high-dimensional data and mixed feature types well but lack interpretability at the ensemble level and can be memory-intensive in production.",Understand,An autonomous vehicle company uses ensembled tree models to classify road surface conditions from LIDAR and camera sensor fusion data to dynamically adjust traction control algorithms.,Interpret the mathematical intuition behind Random Forests's core optimization objective and explain how deviations in enterprise data quality would propagate through the model's internal representations.
Random Forests,"Random Forests are bagging-based ensembles of decorrelated decision trees constructed via bootstrap sampling and random feature subsets at each split. They provide robust variance reduction, implicit feature selection via Gini importance or permutation importance, and out-of-bag (OOB) error estimation without a held-out validation set. Key hyperparameters include n_estimators, max_features, max_depth, and min_samples_split. Random forests handle high-dimensional data and mixed feature types well but lack interpretability at the ensemble level and can be memory-intensive in production.",Apply,"A genomics research lab predicts cancer subtype classification from high-dimensional gene expression data (50,000+ features), requiring feature importance rankings to guide targeted therapy research.","Given this deployment scenario, outline the complete preprocessing pipeline, feature engineering strategy, and hyperparameter configuration required to deploy Random Forests as a production-grade component within this system."
Random Forests,"Random Forests are bagging-based ensembles of decorrelated decision trees constructed via bootstrap sampling and random feature subsets at each split. They provide robust variance reduction, implicit feature selection via Gini importance or permutation importance, and out-of-bag (OOB) error estimation without a held-out validation set. Key hyperparameters include n_estimators, max_features, max_depth, and min_samples_split. Random forests handle high-dimensional data and mixed feature types well but lack interpretability at the ensemble level and can be memory-intensive in production.",Apply,"A smart agriculture platform combines satellite imagery, soil sensor data, and weather station feeds to predict crop yield at field-level granularity for 10,000+ farms across three continents.","A team inherits a legacy enterprise system using Random Forests with significant technical debt. Describe the concrete implementation steps to refactor the pipeline for improved reliability, latency, and maintainability."
Random Forests,"Random Forests are bagging-based ensembles of decorrelated decision trees constructed via bootstrap sampling and random feature subsets at each split. They provide robust variance reduction, implicit feature selection via Gini importance or permutation importance, and out-of-bag (OOB) error estimation without a held-out validation set. Key hyperparameters include n_estimators, max_features, max_depth, and min_samples_split. Random forests handle high-dimensional data and mixed feature types well but lack interpretability at the ensemble level and can be memory-intensive in production.",Apply,A cybersecurity firm builds an endpoint detection system using random forests trained on Windows process telemetry to identify novel malware execution patterns with sub-second latency requirements.,"Implement a validation framework for Random Forests in this deployment scenario context, specifying the exact metrics, thresholds, and data split strategies appropriate for the operational constraints and risk profile of this application."
Random Forests,"Random Forests are bagging-based ensembles of decorrelated decision trees constructed via bootstrap sampling and random feature subsets at each split. They provide robust variance reduction, implicit feature selection via Gini importance or permutation importance, and out-of-bag (OOB) error estimation without a held-out validation set. Key hyperparameters include n_estimators, max_features, max_depth, and min_samples_split. Random forests handle high-dimensional data and mixed feature types well but lack interpretability at the ensemble level and can be memory-intensive in production.",Apply,An autonomous vehicle company uses ensembled tree models to classify road surface conditions from LIDAR and camera sensor fusion data to dynamically adjust traction control algorithms.,"Considering this deployment scenario, detail the end-to-end inference pipeline design for Random Forests, including feature serving, model versioning, monitoring hooks, and fallback mechanisms for production deployment."
Random Forests,"Random Forests are bagging-based ensembles of decorrelated decision trees constructed via bootstrap sampling and random feature subsets at each split. They provide robust variance reduction, implicit feature selection via Gini importance or permutation importance, and out-of-bag (OOB) error estimation without a held-out validation set. Key hyperparameters include n_estimators, max_features, max_depth, and min_samples_split. Random forests handle high-dimensional data and mixed feature types well but lack interpretability at the ensemble level and can be memory-intensive in production.",Analyze,"A genomics research lab predicts cancer subtype classification from high-dimensional gene expression data (50,000+ features), requiring feature importance rankings to guide targeted therapy research.","In this deployment scenario, the Random Forests model begins exhibiting significant performance degradation six months after deployment. Conduct a systematic diagnostic analysis identifying the most probable root causes and distinguishing between data drift, concept drift, and model decay hypotheses."
Random Forests,"Random Forests are bagging-based ensembles of decorrelated decision trees constructed via bootstrap sampling and random feature subsets at each split. They provide robust variance reduction, implicit feature selection via Gini importance or permutation importance, and out-of-bag (OOB) error estimation without a held-out validation set. Key hyperparameters include n_estimators, max_features, max_depth, and min_samples_split. Random forests handle high-dimensional data and mixed feature types well but lack interpretability at the ensemble level and can be memory-intensive in production.",Analyze,"A smart agriculture platform combines satellite imagery, soil sensor data, and weather station feeds to predict crop yield at field-level granularity for 10,000+ farms across three continents.","Critically compare the architectural trade-offs between Random Forests and two alternative algorithmic families for this deployment scenario use case, analyzing computational complexity, interpretability requirements, uncertainty quantification capacity, and regulatory compliance constraints."
Random Forests,"Random Forests are bagging-based ensembles of decorrelated decision trees constructed via bootstrap sampling and random feature subsets at each split. They provide robust variance reduction, implicit feature selection via Gini importance or permutation importance, and out-of-bag (OOB) error estimation without a held-out validation set. Key hyperparameters include n_estimators, max_features, max_depth, and min_samples_split. Random forests handle high-dimensional data and mixed feature types well but lack interpretability at the ensemble level and can be memory-intensive in production.",Analyze,A cybersecurity firm builds an endpoint detection system using random forests trained on Windows process telemetry to identify novel malware execution patterns with sub-second latency requirements.,"Decompose the potential failure modes of Random Forests in this deployment scenario context into data-quality failures, distributional shift failures, model specification failures, and deployment infrastructure failures, and analyze the downstream business and safety consequences of each."
Random Forests,"Random Forests are bagging-based ensembles of decorrelated decision trees constructed via bootstrap sampling and random feature subsets at each split. They provide robust variance reduction, implicit feature selection via Gini importance or permutation importance, and out-of-bag (OOB) error estimation without a held-out validation set. Key hyperparameters include n_estimators, max_features, max_depth, and min_samples_split. Random forests handle high-dimensional data and mixed feature types well but lack interpretability at the ensemble level and can be memory-intensive in production.",Analyze,An autonomous vehicle company uses ensembled tree models to classify road surface conditions from LIDAR and camera sensor fusion data to dynamically adjust traction control algorithms.,"Examine the interaction effects between Random Forests's core assumptions and the specific data-generating process in this context, identifying which assumption violations are benign, which are correctable, and which would fundamentally invalidate the modeling approach."
Random Forests,"Random Forests are bagging-based ensembles of decorrelated decision trees constructed via bootstrap sampling and random feature subsets at each split. They provide robust variance reduction, implicit feature selection via Gini importance or permutation importance, and out-of-bag (OOB) error estimation without a held-out validation set. Key hyperparameters include n_estimators, max_features, max_depth, and min_samples_split. Random forests handle high-dimensional data and mixed feature types well but lack interpretability at the ensemble level and can be memory-intensive in production.",Evaluate,"A genomics research lab predicts cancer subtype classification from high-dimensional gene expression data (50,000+ features), requiring feature importance rankings to guide targeted therapy research.","In this deployment scenario, multiple ML teams are advocating for Random Forests as the production system. Formulate a rigorous evaluation framework that quantifies not only predictive performance but also business value, operational risk, fairness, interpretability, and total cost of ownership."
Random Forests,"Random Forests are bagging-based ensembles of decorrelated decision trees constructed via bootstrap sampling and random feature subsets at each split. They provide robust variance reduction, implicit feature selection via Gini importance or permutation importance, and out-of-bag (OOB) error estimation without a held-out validation set. Key hyperparameters include n_estimators, max_features, max_depth, and min_samples_split. Random forests handle high-dimensional data and mixed feature types well but lack interpretability at the ensemble level and can be memory-intensive in production.",Evaluate,"A smart agriculture platform combines satellite imagery, soil sensor data, and weather station feeds to predict crop yield at field-level granularity for 10,000+ farms across three continents.","Critically assess the deployment readiness of a Random Forests model in this deployment scenario context, evaluating the model's robustness to adversarial inputs, its calibration quality, its behavior under distribution shift, and the adequacy of its monitoring instrumentation."
Random Forests,"Random Forests are bagging-based ensembles of decorrelated decision trees constructed via bootstrap sampling and random feature subsets at each split. They provide robust variance reduction, implicit feature selection via Gini importance or permutation importance, and out-of-bag (OOB) error estimation without a held-out validation set. Key hyperparameters include n_estimators, max_features, max_depth, and min_samples_split. Random forests handle high-dimensional data and mixed feature types well but lack interpretability at the ensemble level and can be memory-intensive in production.",Evaluate,A cybersecurity firm builds an endpoint detection system using random forests trained on Windows process telemetry to identify novel malware execution patterns with sub-second latency requirements.,"A regulatory body is reviewing the use of Random Forests in this context. Argue for or against the model's fitness for purpose, substantiating your position with specific evidence criteria, acceptable risk thresholds, and the consequences of both Type I and Type II decision errors."
Random Forests,"Random Forests are bagging-based ensembles of decorrelated decision trees constructed via bootstrap sampling and random feature subsets at each split. They provide robust variance reduction, implicit feature selection via Gini importance or permutation importance, and out-of-bag (OOB) error estimation without a held-out validation set. Key hyperparameters include n_estimators, max_features, max_depth, and min_samples_split. Random forests handle high-dimensional data and mixed feature types well but lack interpretability at the ensemble level and can be memory-intensive in production.",Evaluate,An autonomous vehicle company uses ensembled tree models to classify road surface conditions from LIDAR and camera sensor fusion data to dynamically adjust traction control algorithms.,"Evaluate the long-term sustainability of a Random Forests-based solution for this use case, considering model decay trajectories, retraining cost structures, data governance requirements, and the ethical implications of scaled automated decision-making in this domain."
Random Forests,"Random Forests are bagging-based ensembles of decorrelated decision trees constructed via bootstrap sampling and random feature subsets at each split. They provide robust variance reduction, implicit feature selection via Gini importance or permutation importance, and out-of-bag (OOB) error estimation without a held-out validation set. Key hyperparameters include n_estimators, max_features, max_depth, and min_samples_split. Random forests handle high-dimensional data and mixed feature types well but lack interpretability at the ensemble level and can be memory-intensive in production.",Create,"A genomics research lab predicts cancer subtype classification from high-dimensional gene expression data (50,000+ features), requiring feature importance rankings to guide targeted therapy research.","Architect a novel ML system for this use case that addresses the key limitations of standard Random Forests implementations, incorporating uncertainty quantification, fairness constraints, concept drift adaptation, and human-in-the-loop oversight mechanisms."
Random Forests,"Random Forests are bagging-based ensembles of decorrelated decision trees constructed via bootstrap sampling and random feature subsets at each split. They provide robust variance reduction, implicit feature selection via Gini importance or permutation importance, and out-of-bag (OOB) error estimation without a held-out validation set. Key hyperparameters include n_estimators, max_features, max_depth, and min_samples_split. Random forests handle high-dimensional data and mixed feature types well but lack interpretability at the ensemble level and can be memory-intensive in production.",Create,"A smart agriculture platform combines satellite imagery, soil sensor data, and weather station feeds to predict crop yield at field-level granularity for 10,000+ farms across three continents.","Design a research agenda to advance Random Forests methodology specifically for high-stakes enterprise applications, proposing three novel experimental studies that would yield actionable insights for production practitioners."
Random Forests,"Random Forests are bagging-based ensembles of decorrelated decision trees constructed via bootstrap sampling and random feature subsets at each split. They provide robust variance reduction, implicit feature selection via Gini importance or permutation importance, and out-of-bag (OOB) error estimation without a held-out validation set. Key hyperparameters include n_estimators, max_features, max_depth, and min_samples_split. Random forests handle high-dimensional data and mixed feature types well but lack interpretability at the ensemble level and can be memory-intensive in production.",Create,A cybersecurity firm builds an endpoint detection system using random forests trained on Windows process telemetry to identify novel malware execution patterns with sub-second latency requirements.,"Construct a comprehensive MLOps framework tailored for Random Forests deployment in this context, covering the full model lifecycle: data versioning, experiment tracking, automated retraining triggers, A/B testing infrastructure, and incident response playbooks."
Random Forests,"Random Forests are bagging-based ensembles of decorrelated decision trees constructed via bootstrap sampling and random feature subsets at each split. They provide robust variance reduction, implicit feature selection via Gini importance or permutation importance, and out-of-bag (OOB) error estimation without a held-out validation set. Key hyperparameters include n_estimators, max_features, max_depth, and min_samples_split. Random forests handle high-dimensional data and mixed feature types well but lack interpretability at the ensemble level and can be memory-intensive in production.",Create,An autonomous vehicle company uses ensembled tree models to classify road surface conditions from LIDAR and camera sensor fusion data to dynamically adjust traction control algorithms.,"Formulate a hybrid modeling strategy that combines Random Forests with complementary methods to overcome its core weaknesses in this context, specifying the technical integration architecture, the decision boundaries between model components, and the validation protocol for the composite system."
Support Vector Machines,"Support Vector Machines (SVMs) find the maximum-margin separating hyperplane between classes by solving a convex quadratic optimization problem. The kernel trick (RBF, polynomial, sigmoid) enables non-linear classification without explicit feature mapping. The dual formulation yields sparse solutions based on support vectors, making SVMs memory-efficient for inference. Critical considerations include kernel selection, regularization parameter C, the bias-variance tradeoff, and computational complexity (O(n²) to O(n³) in training). SVMs are particularly effective for high-dimensional, low-sample-size problems in bioinformatics and text classification.",Remember,"A radiology AI startup uses SVMs with RBF kernels to classify mammography scans into malignant/benign categories, working under strict constraints on false negatives given the clinical stakes.","In the context of deploying Support Vector Machines within enterprise, enumerate the fundamental mathematical assumptions and algorithmic constraints that must be verified prior to model selection."
Support Vector Machines,"Support Vector Machines (SVMs) find the maximum-margin separating hyperplane between classes by solving a convex quadratic optimization problem. The kernel trick (RBF, polynomial, sigmoid) enables non-linear classification without explicit feature mapping. The dual formulation yields sparse solutions based on support vectors, making SVMs memory-efficient for inference. Critical considerations include kernel selection, regularization parameter C, the bias-variance tradeoff, and computational complexity (O(n²) to O(n³) in training). SVMs are particularly effective for high-dimensional, low-sample-size problems in bioinformatics and text classification.",Remember,A satellite imagery analytics company applies SVMs to hyperspectral data from agricultural zones to detect early-stage crop disease spread across vast geographic regions before visible symptoms appear.,"A data science team onboarding to a enterprise project requests a comprehensive taxonomy of the core components, parameters, and operational boundaries that define Support Vector Machines."
Support Vector Machines,"Support Vector Machines (SVMs) find the maximum-margin separating hyperplane between classes by solving a convex quadratic optimization problem. The kernel trick (RBF, polynomial, sigmoid) enables non-linear classification without explicit feature mapping. The dual formulation yields sparse solutions based on support vectors, making SVMs memory-efficient for inference. Critical considerations include kernel selection, regularization parameter C, the bias-variance tradeoff, and computational complexity (O(n²) to O(n³) in training). SVMs are particularly effective for high-dimensional, low-sample-size problems in bioinformatics and text classification.",Remember,"A financial regulator uses SVMs to detect market manipulation patterns in high-frequency trading order books, where the kernel trick enables detection of complex non-linear collusion signals.","Within the regulatory documentation for a enterprise system, specify the defining characteristics of Support Vector Machines that distinguish it from adjacent methodological approaches."
Support Vector Machines,"Support Vector Machines (SVMs) find the maximum-margin separating hyperplane between classes by solving a convex quadratic optimization problem. The kernel trick (RBF, polynomial, sigmoid) enables non-linear classification without explicit feature mapping. The dual formulation yields sparse solutions based on support vectors, making SVMs memory-efficient for inference. Critical considerations include kernel selection, regularization parameter C, the bias-variance tradeoff, and computational complexity (O(n²) to O(n³) in training). SVMs are particularly effective for high-dimensional, low-sample-size problems in bioinformatics and text classification.",Remember,A biometric authentication company trains SVM models on voice spectral features to distinguish legitimate users from synthetic voice attacks generated by adversarial TTS systems.,Catalogue the essential computational and statistical prerequisites that must be satisfied before Support Vector Machines can be validly applied within a enterprise operational context.
Support Vector Machines,"Support Vector Machines (SVMs) find the maximum-margin separating hyperplane between classes by solving a convex quadratic optimization problem. The kernel trick (RBF, polynomial, sigmoid) enables non-linear classification without explicit feature mapping. The dual formulation yields sparse solutions based on support vectors, making SVMs memory-efficient for inference. Critical considerations include kernel selection, regularization parameter C, the bias-variance tradeoff, and computational complexity (O(n²) to O(n³) in training). SVMs are particularly effective for high-dimensional, low-sample-size problems in bioinformatics and text classification.",Understand,"A radiology AI startup uses SVMs with RBF kernels to classify mammography scans into malignant/benign categories, working under strict constraints on false negatives given the clinical stakes.","Articulate in precise technical terms how the core learning mechanism of Support Vector Machines operates under the distributional assumptions present in enterprise data, specifically addressing what occurs when those assumptions are violated."
Support Vector Machines,"Support Vector Machines (SVMs) find the maximum-margin separating hyperplane between classes by solving a convex quadratic optimization problem. The kernel trick (RBF, polynomial, sigmoid) enables non-linear classification without explicit feature mapping. The dual formulation yields sparse solutions based on support vectors, making SVMs memory-efficient for inference. Critical considerations include kernel selection, regularization parameter C, the bias-variance tradeoff, and computational complexity (O(n²) to O(n³) in training). SVMs are particularly effective for high-dimensional, low-sample-size problems in bioinformatics and text classification.",Understand,A satellite imagery analytics company applies SVMs to hyperspectral data from agricultural zones to detect early-stage crop disease spread across vast geographic regions before visible symptoms appear.,A senior ML engineer must brief a cross-functional product team on why Support Vector Machines exhibits particular failure modes in enterprise applications — explain the underlying statistical rationale for these limitations.
Support Vector Machines,"Support Vector Machines (SVMs) find the maximum-margin separating hyperplane between classes by solving a convex quadratic optimization problem. The kernel trick (RBF, polynomial, sigmoid) enables non-linear classification without explicit feature mapping. The dual formulation yields sparse solutions based on support vectors, making SVMs memory-efficient for inference. Critical considerations include kernel selection, regularization parameter C, the bias-variance tradeoff, and computational complexity (O(n²) to O(n³) in training). SVMs are particularly effective for high-dimensional, low-sample-size problems in bioinformatics and text classification.",Understand,"A financial regulator uses SVMs to detect market manipulation patterns in high-frequency trading order books, where the kernel trick enables detection of complex non-linear collusion signals.",Construct a conceptual explanation that differentiates the theoretical generalization behavior of Support Vector Machines from its empirical performance characteristics when deployed in a high-stakes enterprise pipeline.
Support Vector Machines,"Support Vector Machines (SVMs) find the maximum-margin separating hyperplane between classes by solving a convex quadratic optimization problem. The kernel trick (RBF, polynomial, sigmoid) enables non-linear classification without explicit feature mapping. The dual formulation yields sparse solutions based on support vectors, making SVMs memory-efficient for inference. Critical considerations include kernel selection, regularization parameter C, the bias-variance tradeoff, and computational complexity (O(n²) to O(n³) in training). SVMs are particularly effective for high-dimensional, low-sample-size problems in bioinformatics and text classification.",Understand,A biometric authentication company trains SVM models on voice spectral features to distinguish legitimate users from synthetic voice attacks generated by adversarial TTS systems.,Interpret the mathematical intuition behind Support Vector Machines's core optimization objective and explain how deviations in enterprise data quality would propagate through the model's internal representations.
Support Vector Machines,"Support Vector Machines (SVMs) find the maximum-margin separating hyperplane between classes by solving a convex quadratic optimization problem. The kernel trick (RBF, polynomial, sigmoid) enables non-linear classification without explicit feature mapping. The dual formulation yields sparse solutions based on support vectors, making SVMs memory-efficient for inference. Critical considerations include kernel selection, regularization parameter C, the bias-variance tradeoff, and computational complexity (O(n²) to O(n³) in training). SVMs are particularly effective for high-dimensional, low-sample-size problems in bioinformatics and text classification.",Apply,"A radiology AI startup uses SVMs with RBF kernels to classify mammography scans into malignant/benign categories, working under strict constraints on false negatives given the clinical stakes.","Given this deployment scenario, outline the complete preprocessing pipeline, feature engineering strategy, and hyperparameter configuration required to deploy Support Vector Machines as a production-grade component within this system."
Support Vector Machines,"Support Vector Machines (SVMs) find the maximum-margin separating hyperplane between classes by solving a convex quadratic optimization problem. The kernel trick (RBF, polynomial, sigmoid) enables non-linear classification without explicit feature mapping. The dual formulation yields sparse solutions based on support vectors, making SVMs memory-efficient for inference. Critical considerations include kernel selection, regularization parameter C, the bias-variance tradeoff, and computational complexity (O(n²) to O(n³) in training). SVMs are particularly effective for high-dimensional, low-sample-size problems in bioinformatics and text classification.",Apply,A satellite imagery analytics company applies SVMs to hyperspectral data from agricultural zones to detect early-stage crop disease spread across vast geographic regions before visible symptoms appear.,"A team inherits a legacy enterprise system using Support Vector Machines with significant technical debt. Describe the concrete implementation steps to refactor the pipeline for improved reliability, latency, and maintainability."
Support Vector Machines,"Support Vector Machines (SVMs) find the maximum-margin separating hyperplane between classes by solving a convex quadratic optimization problem. The kernel trick (RBF, polynomial, sigmoid) enables non-linear classification without explicit feature mapping. The dual formulation yields sparse solutions based on support vectors, making SVMs memory-efficient for inference. Critical considerations include kernel selection, regularization parameter C, the bias-variance tradeoff, and computational complexity (O(n²) to O(n³) in training). SVMs are particularly effective for high-dimensional, low-sample-size problems in bioinformatics and text classification.",Apply,"A financial regulator uses SVMs to detect market manipulation patterns in high-frequency trading order books, where the kernel trick enables detection of complex non-linear collusion signals.","Implement a validation framework for Support Vector Machines in this deployment scenario context, specifying the exact metrics, thresholds, and data split strategies appropriate for the operational constraints and risk profile of this application."
Support Vector Machines,"Support Vector Machines (SVMs) find the maximum-margin separating hyperplane between classes by solving a convex quadratic optimization problem. The kernel trick (RBF, polynomial, sigmoid) enables non-linear classification without explicit feature mapping. The dual formulation yields sparse solutions based on support vectors, making SVMs memory-efficient for inference. Critical considerations include kernel selection, regularization parameter C, the bias-variance tradeoff, and computational complexity (O(n²) to O(n³) in training). SVMs are particularly effective for high-dimensional, low-sample-size problems in bioinformatics and text classification.",Apply,A biometric authentication company trains SVM models on voice spectral features to distinguish legitimate users from synthetic voice attacks generated by adversarial TTS systems.,"Considering this deployment scenario, detail the end-to-end inference pipeline design for Support Vector Machines, including feature serving, model versioning, monitoring hooks, and fallback mechanisms for production deployment."
Support Vector Machines,"Support Vector Machines (SVMs) find the maximum-margin separating hyperplane between classes by solving a convex quadratic optimization problem. The kernel trick (RBF, polynomial, sigmoid) enables non-linear classification without explicit feature mapping. The dual formulation yields sparse solutions based on support vectors, making SVMs memory-efficient for inference. Critical considerations include kernel selection, regularization parameter C, the bias-variance tradeoff, and computational complexity (O(n²) to O(n³) in training). SVMs are particularly effective for high-dimensional, low-sample-size problems in bioinformatics and text classification.",Analyze,"A radiology AI startup uses SVMs with RBF kernels to classify mammography scans into malignant/benign categories, working under strict constraints on false negatives given the clinical stakes.","In this deployment scenario, the Support Vector Machines model begins exhibiting significant performance degradation six months after deployment. Conduct a systematic diagnostic analysis identifying the most probable root causes and distinguishing between data drift, concept drift, and model decay hypotheses."
Support Vector Machines,"Support Vector Machines (SVMs) find the maximum-margin separating hyperplane between classes by solving a convex quadratic optimization problem. The kernel trick (RBF, polynomial, sigmoid) enables non-linear classification without explicit feature mapping. The dual formulation yields sparse solutions based on support vectors, making SVMs memory-efficient for inference. Critical considerations include kernel selection, regularization parameter C, the bias-variance tradeoff, and computational complexity (O(n²) to O(n³) in training). SVMs are particularly effective for high-dimensional, low-sample-size problems in bioinformatics and text classification.",Analyze,A satellite imagery analytics company applies SVMs to hyperspectral data from agricultural zones to detect early-stage crop disease spread across vast geographic regions before visible symptoms appear.,"Critically compare the architectural trade-offs between Support Vector Machines and two alternative algorithmic families for this deployment scenario use case, analyzing computational complexity, interpretability requirements, uncertainty quantification capacity, and regulatory compliance constraints."
Support Vector Machines,"Support Vector Machines (SVMs) find the maximum-margin separating hyperplane between classes by solving a convex quadratic optimization problem. The kernel trick (RBF, polynomial, sigmoid) enables non-linear classification without explicit feature mapping. The dual formulation yields sparse solutions based on support vectors, making SVMs memory-efficient for inference. Critical considerations include kernel selection, regularization parameter C, the bias-variance tradeoff, and computational complexity (O(n²) to O(n³) in training). SVMs are particularly effective for high-dimensional, low-sample-size problems in bioinformatics and text classification.",Analyze,"A financial regulator uses SVMs to detect market manipulation patterns in high-frequency trading order books, where the kernel trick enables detection of complex non-linear collusion signals.","Decompose the potential failure modes of Support Vector Machines in this deployment scenario context into data-quality failures, distributional shift failures, model specification failures, and deployment infrastructure failures, and analyze the downstream business and safety consequences of each."
Support Vector Machines,"Support Vector Machines (SVMs) find the maximum-margin separating hyperplane between classes by solving a convex quadratic optimization problem. The kernel trick (RBF, polynomial, sigmoid) enables non-linear classification without explicit feature mapping. The dual formulation yields sparse solutions based on support vectors, making SVMs memory-efficient for inference. Critical considerations include kernel selection, regularization parameter C, the bias-variance tradeoff, and computational complexity (O(n²) to O(n³) in training). SVMs are particularly effective for high-dimensional, low-sample-size problems in bioinformatics and text classification.",Analyze,A biometric authentication company trains SVM models on voice spectral features to distinguish legitimate users from synthetic voice attacks generated by adversarial TTS systems.,"Examine the interaction effects between Support Vector Machines's core assumptions and the specific data-generating process in this context, identifying which assumption violations are benign, which are correctable, and which would fundamentally invalidate the modeling approach."
Support Vector Machines,"Support Vector Machines (SVMs) find the maximum-margin separating hyperplane between classes by solving a convex quadratic optimization problem. The kernel trick (RBF, polynomial, sigmoid) enables non-linear classification without explicit feature mapping. The dual formulation yields sparse solutions based on support vectors, making SVMs memory-efficient for inference. Critical considerations include kernel selection, regularization parameter C, the bias-variance tradeoff, and computational complexity (O(n²) to O(n³) in training). SVMs are particularly effective for high-dimensional, low-sample-size problems in bioinformatics and text classification.",Evaluate,"A radiology AI startup uses SVMs with RBF kernels to classify mammography scans into malignant/benign categories, working under strict constraints on false negatives given the clinical stakes.","In this deployment scenario, multiple ML teams are advocating for Support Vector Machines as the production system. Formulate a rigorous evaluation framework that quantifies not only predictive performance but also business value, operational risk, fairness, interpretability, and total cost of ownership."
Support Vector Machines,"Support Vector Machines (SVMs) find the maximum-margin separating hyperplane between classes by solving a convex quadratic optimization problem. The kernel trick (RBF, polynomial, sigmoid) enables non-linear classification without explicit feature mapping. The dual formulation yields sparse solutions based on support vectors, making SVMs memory-efficient for inference. Critical considerations include kernel selection, regularization parameter C, the bias-variance tradeoff, and computational complexity (O(n²) to O(n³) in training). SVMs are particularly effective for high-dimensional, low-sample-size problems in bioinformatics and text classification.",Evaluate,A satellite imagery analytics company applies SVMs to hyperspectral data from agricultural zones to detect early-stage crop disease spread across vast geographic regions before visible symptoms appear.,"Critically assess the deployment readiness of a Support Vector Machines model in this deployment scenario context, evaluating the model's robustness to adversarial inputs, its calibration quality, its behavior under distribution shift, and the adequacy of its monitoring instrumentation."
Support Vector Machines,"Support Vector Machines (SVMs) find the maximum-margin separating hyperplane between classes by solving a convex quadratic optimization problem. The kernel trick (RBF, polynomial, sigmoid) enables non-linear classification without explicit feature mapping. The dual formulation yields sparse solutions based on support vectors, making SVMs memory-efficient for inference. Critical considerations include kernel selection, regularization parameter C, the bias-variance tradeoff, and computational complexity (O(n²) to O(n³) in training). SVMs are particularly effective for high-dimensional, low-sample-size problems in bioinformatics and text classification.",Evaluate,"A financial regulator uses SVMs to detect market manipulation patterns in high-frequency trading order books, where the kernel trick enables detection of complex non-linear collusion signals.","A regulatory body is reviewing the use of Support Vector Machines in this context. Argue for or against the model's fitness for purpose, substantiating your position with specific evidence criteria, acceptable risk thresholds, and the consequences of both Type I and Type II decision errors."
Support Vector Machines,"Support Vector Machines (SVMs) find the maximum-margin separating hyperplane between classes by solving a convex quadratic optimization problem. The kernel trick (RBF, polynomial, sigmoid) enables non-linear classification without explicit feature mapping. The dual formulation yields sparse solutions based on support vectors, making SVMs memory-efficient for inference. Critical considerations include kernel selection, regularization parameter C, the bias-variance tradeoff, and computational complexity (O(n²) to O(n³) in training). SVMs are particularly effective for high-dimensional, low-sample-size problems in bioinformatics and text classification.",Evaluate,A biometric authentication company trains SVM models on voice spectral features to distinguish legitimate users from synthetic voice attacks generated by adversarial TTS systems.,"Evaluate the long-term sustainability of a Support Vector Machines-based solution for this use case, considering model decay trajectories, retraining cost structures, data governance requirements, and the ethical implications of scaled automated decision-making in this domain."
Support Vector Machines,"Support Vector Machines (SVMs) find the maximum-margin separating hyperplane between classes by solving a convex quadratic optimization problem. The kernel trick (RBF, polynomial, sigmoid) enables non-linear classification without explicit feature mapping. The dual formulation yields sparse solutions based on support vectors, making SVMs memory-efficient for inference. Critical considerations include kernel selection, regularization parameter C, the bias-variance tradeoff, and computational complexity (O(n²) to O(n³) in training). SVMs are particularly effective for high-dimensional, low-sample-size problems in bioinformatics and text classification.",Create,"A radiology AI startup uses SVMs with RBF kernels to classify mammography scans into malignant/benign categories, working under strict constraints on false negatives given the clinical stakes.","Architect a novel ML system for this use case that addresses the key limitations of standard Support Vector Machines implementations, incorporating uncertainty quantification, fairness constraints, concept drift adaptation, and human-in-the-loop oversight mechanisms."
Support Vector Machines,"Support Vector Machines (SVMs) find the maximum-margin separating hyperplane between classes by solving a convex quadratic optimization problem. The kernel trick (RBF, polynomial, sigmoid) enables non-linear classification without explicit feature mapping. The dual formulation yields sparse solutions based on support vectors, making SVMs memory-efficient for inference. Critical considerations include kernel selection, regularization parameter C, the bias-variance tradeoff, and computational complexity (O(n²) to O(n³) in training). SVMs are particularly effective for high-dimensional, low-sample-size problems in bioinformatics and text classification.",Create,A satellite imagery analytics company applies SVMs to hyperspectral data from agricultural zones to detect early-stage crop disease spread across vast geographic regions before visible symptoms appear.,"Design a research agenda to advance Support Vector Machines methodology specifically for high-stakes enterprise applications, proposing three novel experimental studies that would yield actionable insights for production practitioners."
Support Vector Machines,"Support Vector Machines (SVMs) find the maximum-margin separating hyperplane between classes by solving a convex quadratic optimization problem. The kernel trick (RBF, polynomial, sigmoid) enables non-linear classification without explicit feature mapping. The dual formulation yields sparse solutions based on support vectors, making SVMs memory-efficient for inference. Critical considerations include kernel selection, regularization parameter C, the bias-variance tradeoff, and computational complexity (O(n²) to O(n³) in training). SVMs are particularly effective for high-dimensional, low-sample-size problems in bioinformatics and text classification.",Create,"A financial regulator uses SVMs to detect market manipulation patterns in high-frequency trading order books, where the kernel trick enables detection of complex non-linear collusion signals.","Construct a comprehensive MLOps framework tailored for Support Vector Machines deployment in this context, covering the full model lifecycle: data versioning, experiment tracking, automated retraining triggers, A/B testing infrastructure, and incident response playbooks."
Support Vector Machines,"Support Vector Machines (SVMs) find the maximum-margin separating hyperplane between classes by solving a convex quadratic optimization problem. The kernel trick (RBF, polynomial, sigmoid) enables non-linear classification without explicit feature mapping. The dual formulation yields sparse solutions based on support vectors, making SVMs memory-efficient for inference. Critical considerations include kernel selection, regularization parameter C, the bias-variance tradeoff, and computational complexity (O(n²) to O(n³) in training). SVMs are particularly effective for high-dimensional, low-sample-size problems in bioinformatics and text classification.",Create,A biometric authentication company trains SVM models on voice spectral features to distinguish legitimate users from synthetic voice attacks generated by adversarial TTS systems.,"Formulate a hybrid modeling strategy that combines Support Vector Machines with complementary methods to overcome its core weaknesses in this context, specifying the technical integration architecture, the decision boundaries between model components, and the validation protocol for the composite system."
K-Means Clustering,"K-Means is an iterative centroid-based clustering algorithm that minimizes within-cluster sum of squared Euclidean distances through the Expectation-Maximization (EM) framework. Practical challenges include sensitivity to initialization (mitigated by K-Means++), the requirement to specify K a priori (addressed via elbow method, silhouette score, gap statistic), sensitivity to outliers, and the assumption of spherical, equally-sized clusters. Scalable variants (Mini-Batch K-Means) enable deployment on large datasets. K-Means is a foundational tool for customer segmentation, anomaly detection preprocessing, and vector quantization.",Remember,"A streaming platform's content personalization team applies K-Means to cluster 50 million users into behavioral segments based on viewing patterns, session length, and genre affinity for recommendation targeting.","In the context of deploying K-Means Clustering within enterprise, enumerate the fundamental mathematical assumptions and algorithmic constraints that must be verified prior to model selection."
K-Means Clustering,"K-Means is an iterative centroid-based clustering algorithm that minimizes within-cluster sum of squared Euclidean distances through the Expectation-Maximization (EM) framework. Practical challenges include sensitivity to initialization (mitigated by K-Means++), the requirement to specify K a priori (addressed via elbow method, silhouette score, gap statistic), sensitivity to outliers, and the assumption of spherical, equally-sized clusters. Scalable variants (Mini-Batch K-Means) enable deployment on large datasets. K-Means is a foundational tool for customer segmentation, anomaly detection preprocessing, and vector quantization.",Remember,"A retail chain's supply chain team clusters SKUs based on demand volatility, seasonality, and supplier lead time to design differentiated inventory replenishment strategies per cluster.","A data science team onboarding to a retail project requests a comprehensive taxonomy of the core components, parameters, and operational boundaries that define K-Means Clustering."
K-Means Clustering,"K-Means is an iterative centroid-based clustering algorithm that minimizes within-cluster sum of squared Euclidean distances through the Expectation-Maximization (EM) framework. Practical challenges include sensitivity to initialization (mitigated by K-Means++), the requirement to specify K a priori (addressed via elbow method, silhouette score, gap statistic), sensitivity to outliers, and the assumption of spherical, equally-sized clusters. Scalable variants (Mini-Batch K-Means) enable deployment on large datasets. K-Means is a foundational tool for customer segmentation, anomaly detection preprocessing, and vector quantization.",Remember,A smart city initiative uses K-Means to cluster urban mobility patterns from anonymized cell tower data to optimize public transit route scheduling and station infrastructure investments.,"Within the regulatory documentation for a enterprise system, specify the defining characteristics of K-Means Clustering that distinguish it from adjacent methodological approaches."
K-Means Clustering,"K-Means is an iterative centroid-based clustering algorithm that minimizes within-cluster sum of squared Euclidean distances through the Expectation-Maximization (EM) framework. Practical challenges include sensitivity to initialization (mitigated by K-Means++), the requirement to specify K a priori (addressed via elbow method, silhouette score, gap statistic), sensitivity to outliers, and the assumption of spherical, equally-sized clusters. Scalable variants (Mini-Batch K-Means) enable deployment on large datasets. K-Means is a foundational tool for customer segmentation, anomaly detection preprocessing, and vector quantization.",Remember,A biomedical research institute clusters patient cohorts from electronic health records to identify previously undescribed disease subtypes with distinct genetic and clinical profiles.,Catalogue the essential computational and statistical prerequisites that must be satisfied before K-Means Clustering can be validly applied within a enterprise operational context.
K-Means Clustering,"K-Means is an iterative centroid-based clustering algorithm that minimizes within-cluster sum of squared Euclidean distances through the Expectation-Maximization (EM) framework. Practical challenges include sensitivity to initialization (mitigated by K-Means++), the requirement to specify K a priori (addressed via elbow method, silhouette score, gap statistic), sensitivity to outliers, and the assumption of spherical, equally-sized clusters. Scalable variants (Mini-Batch K-Means) enable deployment on large datasets. K-Means is a foundational tool for customer segmentation, anomaly detection preprocessing, and vector quantization.",Understand,"A streaming platform's content personalization team applies K-Means to cluster 50 million users into behavioral segments based on viewing patterns, session length, and genre affinity for recommendation targeting.","Articulate in precise technical terms how the core learning mechanism of K-Means Clustering operates under the distributional assumptions present in enterprise data, specifically addressing what occurs when those assumptions are violated."
K-Means Clustering,"K-Means is an iterative centroid-based clustering algorithm that minimizes within-cluster sum of squared Euclidean distances through the Expectation-Maximization (EM) framework. Practical challenges include sensitivity to initialization (mitigated by K-Means++), the requirement to specify K a priori (addressed via elbow method, silhouette score, gap statistic), sensitivity to outliers, and the assumption of spherical, equally-sized clusters. Scalable variants (Mini-Batch K-Means) enable deployment on large datasets. K-Means is a foundational tool for customer segmentation, anomaly detection preprocessing, and vector quantization.",Understand,"A retail chain's supply chain team clusters SKUs based on demand volatility, seasonality, and supplier lead time to design differentiated inventory replenishment strategies per cluster.",A senior ML engineer must brief a cross-functional product team on why K-Means Clustering exhibits particular failure modes in retail applications — explain the underlying statistical rationale for these limitations.
K-Means Clustering,"K-Means is an iterative centroid-based clustering algorithm that minimizes within-cluster sum of squared Euclidean distances through the Expectation-Maximization (EM) framework. Practical challenges include sensitivity to initialization (mitigated by K-Means++), the requirement to specify K a priori (addressed via elbow method, silhouette score, gap statistic), sensitivity to outliers, and the assumption of spherical, equally-sized clusters. Scalable variants (Mini-Batch K-Means) enable deployment on large datasets. K-Means is a foundational tool for customer segmentation, anomaly detection preprocessing, and vector quantization.",Understand,A smart city initiative uses K-Means to cluster urban mobility patterns from anonymized cell tower data to optimize public transit route scheduling and station infrastructure investments.,Construct a conceptual explanation that differentiates the theoretical generalization behavior of K-Means Clustering from its empirical performance characteristics when deployed in a high-stakes enterprise pipeline.
K-Means Clustering,"K-Means is an iterative centroid-based clustering algorithm that minimizes within-cluster sum of squared Euclidean distances through the Expectation-Maximization (EM) framework. Practical challenges include sensitivity to initialization (mitigated by K-Means++), the requirement to specify K a priori (addressed via elbow method, silhouette score, gap statistic), sensitivity to outliers, and the assumption of spherical, equally-sized clusters. Scalable variants (Mini-Batch K-Means) enable deployment on large datasets. K-Means is a foundational tool for customer segmentation, anomaly detection preprocessing, and vector quantization.",Understand,A biomedical research institute clusters patient cohorts from electronic health records to identify previously undescribed disease subtypes with distinct genetic and clinical profiles.,Interpret the mathematical intuition behind K-Means Clustering's core optimization objective and explain how deviations in enterprise data quality would propagate through the model's internal representations.
K-Means Clustering,"K-Means is an iterative centroid-based clustering algorithm that minimizes within-cluster sum of squared Euclidean distances through the Expectation-Maximization (EM) framework. Practical challenges include sensitivity to initialization (mitigated by K-Means++), the requirement to specify K a priori (addressed via elbow method, silhouette score, gap statistic), sensitivity to outliers, and the assumption of spherical, equally-sized clusters. Scalable variants (Mini-Batch K-Means) enable deployment on large datasets. K-Means is a foundational tool for customer segmentation, anomaly detection preprocessing, and vector quantization.",Apply,"A streaming platform's content personalization team applies K-Means to cluster 50 million users into behavioral segments based on viewing patterns, session length, and genre affinity for recommendation targeting.","Given this deployment scenario, outline the complete preprocessing pipeline, feature engineering strategy, and hyperparameter configuration required to deploy K-Means Clustering as a production-grade component within this system."
K-Means Clustering,"K-Means is an iterative centroid-based clustering algorithm that minimizes within-cluster sum of squared Euclidean distances through the Expectation-Maximization (EM) framework. Practical challenges include sensitivity to initialization (mitigated by K-Means++), the requirement to specify K a priori (addressed via elbow method, silhouette score, gap statistic), sensitivity to outliers, and the assumption of spherical, equally-sized clusters. Scalable variants (Mini-Batch K-Means) enable deployment on large datasets. K-Means is a foundational tool for customer segmentation, anomaly detection preprocessing, and vector quantization.",Apply,"A retail chain's supply chain team clusters SKUs based on demand volatility, seasonality, and supplier lead time to design differentiated inventory replenishment strategies per cluster.","A team inherits a legacy retail system using K-Means Clustering with significant technical debt. Describe the concrete implementation steps to refactor the pipeline for improved reliability, latency, and maintainability."
K-Means Clustering,"K-Means is an iterative centroid-based clustering algorithm that minimizes within-cluster sum of squared Euclidean distances through the Expectation-Maximization (EM) framework. Practical challenges include sensitivity to initialization (mitigated by K-Means++), the requirement to specify K a priori (addressed via elbow method, silhouette score, gap statistic), sensitivity to outliers, and the assumption of spherical, equally-sized clusters. Scalable variants (Mini-Batch K-Means) enable deployment on large datasets. K-Means is a foundational tool for customer segmentation, anomaly detection preprocessing, and vector quantization.",Apply,A smart city initiative uses K-Means to cluster urban mobility patterns from anonymized cell tower data to optimize public transit route scheduling and station infrastructure investments.,"Implement a validation framework for K-Means Clustering in this deployment scenario context, specifying the exact metrics, thresholds, and data split strategies appropriate for the operational constraints and risk profile of this application."
K-Means Clustering,"K-Means is an iterative centroid-based clustering algorithm that minimizes within-cluster sum of squared Euclidean distances through the Expectation-Maximization (EM) framework. Practical challenges include sensitivity to initialization (mitigated by K-Means++), the requirement to specify K a priori (addressed via elbow method, silhouette score, gap statistic), sensitivity to outliers, and the assumption of spherical, equally-sized clusters. Scalable variants (Mini-Batch K-Means) enable deployment on large datasets. K-Means is a foundational tool for customer segmentation, anomaly detection preprocessing, and vector quantization.",Apply,A biomedical research institute clusters patient cohorts from electronic health records to identify previously undescribed disease subtypes with distinct genetic and clinical profiles.,"Considering this deployment scenario, detail the end-to-end inference pipeline design for K-Means Clustering, including feature serving, model versioning, monitoring hooks, and fallback mechanisms for production deployment."
K-Means Clustering,"K-Means is an iterative centroid-based clustering algorithm that minimizes within-cluster sum of squared Euclidean distances through the Expectation-Maximization (EM) framework. Practical challenges include sensitivity to initialization (mitigated by K-Means++), the requirement to specify K a priori (addressed via elbow method, silhouette score, gap statistic), sensitivity to outliers, and the assumption of spherical, equally-sized clusters. Scalable variants (Mini-Batch K-Means) enable deployment on large datasets. K-Means is a foundational tool for customer segmentation, anomaly detection preprocessing, and vector quantization.",Analyze,"A streaming platform's content personalization team applies K-Means to cluster 50 million users into behavioral segments based on viewing patterns, session length, and genre affinity for recommendation targeting.","In this deployment scenario, the K-Means Clustering model begins exhibiting significant performance degradation six months after deployment. Conduct a systematic diagnostic analysis identifying the most probable root causes and distinguishing between data drift, concept drift, and model decay hypotheses."
K-Means Clustering,"K-Means is an iterative centroid-based clustering algorithm that minimizes within-cluster sum of squared Euclidean distances through the Expectation-Maximization (EM) framework. Practical challenges include sensitivity to initialization (mitigated by K-Means++), the requirement to specify K a priori (addressed via elbow method, silhouette score, gap statistic), sensitivity to outliers, and the assumption of spherical, equally-sized clusters. Scalable variants (Mini-Batch K-Means) enable deployment on large datasets. K-Means is a foundational tool for customer segmentation, anomaly detection preprocessing, and vector quantization.",Analyze,"A retail chain's supply chain team clusters SKUs based on demand volatility, seasonality, and supplier lead time to design differentiated inventory replenishment strategies per cluster.","Critically compare the architectural trade-offs between K-Means Clustering and two alternative algorithmic families for this deployment scenario use case, analyzing computational complexity, interpretability requirements, uncertainty quantification capacity, and regulatory compliance constraints."
K-Means Clustering,"K-Means is an iterative centroid-based clustering algorithm that minimizes within-cluster sum of squared Euclidean distances through the Expectation-Maximization (EM) framework. Practical challenges include sensitivity to initialization (mitigated by K-Means++), the requirement to specify K a priori (addressed via elbow method, silhouette score, gap statistic), sensitivity to outliers, and the assumption of spherical, equally-sized clusters. Scalable variants (Mini-Batch K-Means) enable deployment on large datasets. K-Means is a foundational tool for customer segmentation, anomaly detection preprocessing, and vector quantization.",Analyze,A smart city initiative uses K-Means to cluster urban mobility patterns from anonymized cell tower data to optimize public transit route scheduling and station infrastructure investments.,"Decompose the potential failure modes of K-Means Clustering in this deployment scenario context into data-quality failures, distributional shift failures, model specification failures, and deployment infrastructure failures, and analyze the downstream business and safety consequences of each."
K-Means Clustering,"K-Means is an iterative centroid-based clustering algorithm that minimizes within-cluster sum of squared Euclidean distances through the Expectation-Maximization (EM) framework. Practical challenges include sensitivity to initialization (mitigated by K-Means++), the requirement to specify K a priori (addressed via elbow method, silhouette score, gap statistic), sensitivity to outliers, and the assumption of spherical, equally-sized clusters. Scalable variants (Mini-Batch K-Means) enable deployment on large datasets. K-Means is a foundational tool for customer segmentation, anomaly detection preprocessing, and vector quantization.",Analyze,A biomedical research institute clusters patient cohorts from electronic health records to identify previously undescribed disease subtypes with distinct genetic and clinical profiles.,"Examine the interaction effects between K-Means Clustering's core assumptions and the specific data-generating process in this context, identifying which assumption violations are benign, which are correctable, and which would fundamentally invalidate the modeling approach."
K-Means Clustering,"K-Means is an iterative centroid-based clustering algorithm that minimizes within-cluster sum of squared Euclidean distances through the Expectation-Maximization (EM) framework. Practical challenges include sensitivity to initialization (mitigated by K-Means++), the requirement to specify K a priori (addressed via elbow method, silhouette score, gap statistic), sensitivity to outliers, and the assumption of spherical, equally-sized clusters. Scalable variants (Mini-Batch K-Means) enable deployment on large datasets. K-Means is a foundational tool for customer segmentation, anomaly detection preprocessing, and vector quantization.",Evaluate,"A streaming platform's content personalization team applies K-Means to cluster 50 million users into behavioral segments based on viewing patterns, session length, and genre affinity for recommendation targeting.","In this deployment scenario, multiple ML teams are advocating for K-Means Clustering as the production system. Formulate a rigorous evaluation framework that quantifies not only predictive performance but also business value, operational risk, fairness, interpretability, and total cost of ownership."
K-Means Clustering,"K-Means is an iterative centroid-based clustering algorithm that minimizes within-cluster sum of squared Euclidean distances through the Expectation-Maximization (EM) framework. Practical challenges include sensitivity to initialization (mitigated by K-Means++), the requirement to specify K a priori (addressed via elbow method, silhouette score, gap statistic), sensitivity to outliers, and the assumption of spherical, equally-sized clusters. Scalable variants (Mini-Batch K-Means) enable deployment on large datasets. K-Means is a foundational tool for customer segmentation, anomaly detection preprocessing, and vector quantization.",Evaluate,"A retail chain's supply chain team clusters SKUs based on demand volatility, seasonality, and supplier lead time to design differentiated inventory replenishment strategies per cluster.","Critically assess the deployment readiness of a K-Means Clustering model in this deployment scenario context, evaluating the model's robustness to adversarial inputs, its calibration quality, its behavior under distribution shift, and the adequacy of its monitoring instrumentation."
K-Means Clustering,"K-Means is an iterative centroid-based clustering algorithm that minimizes within-cluster sum of squared Euclidean distances through the Expectation-Maximization (EM) framework. Practical challenges include sensitivity to initialization (mitigated by K-Means++), the requirement to specify K a priori (addressed via elbow method, silhouette score, gap statistic), sensitivity to outliers, and the assumption of spherical, equally-sized clusters. Scalable variants (Mini-Batch K-Means) enable deployment on large datasets. K-Means is a foundational tool for customer segmentation, anomaly detection preprocessing, and vector quantization.",Evaluate,A smart city initiative uses K-Means to cluster urban mobility patterns from anonymized cell tower data to optimize public transit route scheduling and station infrastructure investments.,"A regulatory body is reviewing the use of K-Means Clustering in this context. Argue for or against the model's fitness for purpose, substantiating your position with specific evidence criteria, acceptable risk thresholds, and the consequences of both Type I and Type II decision errors."
K-Means Clustering,"K-Means is an iterative centroid-based clustering algorithm that minimizes within-cluster sum of squared Euclidean distances through the Expectation-Maximization (EM) framework. Practical challenges include sensitivity to initialization (mitigated by K-Means++), the requirement to specify K a priori (addressed via elbow method, silhouette score, gap statistic), sensitivity to outliers, and the assumption of spherical, equally-sized clusters. Scalable variants (Mini-Batch K-Means) enable deployment on large datasets. K-Means is a foundational tool for customer segmentation, anomaly detection preprocessing, and vector quantization.",Evaluate,A biomedical research institute clusters patient cohorts from electronic health records to identify previously undescribed disease subtypes with distinct genetic and clinical profiles.,"Evaluate the long-term sustainability of a K-Means Clustering-based solution for this use case, considering model decay trajectories, retraining cost structures, data governance requirements, and the ethical implications of scaled automated decision-making in this domain."
K-Means Clustering,"K-Means is an iterative centroid-based clustering algorithm that minimizes within-cluster sum of squared Euclidean distances through the Expectation-Maximization (EM) framework. Practical challenges include sensitivity to initialization (mitigated by K-Means++), the requirement to specify K a priori (addressed via elbow method, silhouette score, gap statistic), sensitivity to outliers, and the assumption of spherical, equally-sized clusters. Scalable variants (Mini-Batch K-Means) enable deployment on large datasets. K-Means is a foundational tool for customer segmentation, anomaly detection preprocessing, and vector quantization.",Create,"A streaming platform's content personalization team applies K-Means to cluster 50 million users into behavioral segments based on viewing patterns, session length, and genre affinity for recommendation targeting.","Architect a novel ML system for this use case that addresses the key limitations of standard K-Means Clustering implementations, incorporating uncertainty quantification, fairness constraints, concept drift adaptation, and human-in-the-loop oversight mechanisms."
K-Means Clustering,"K-Means is an iterative centroid-based clustering algorithm that minimizes within-cluster sum of squared Euclidean distances through the Expectation-Maximization (EM) framework. Practical challenges include sensitivity to initialization (mitigated by K-Means++), the requirement to specify K a priori (addressed via elbow method, silhouette score, gap statistic), sensitivity to outliers, and the assumption of spherical, equally-sized clusters. Scalable variants (Mini-Batch K-Means) enable deployment on large datasets. K-Means is a foundational tool for customer segmentation, anomaly detection preprocessing, and vector quantization.",Create,"A retail chain's supply chain team clusters SKUs based on demand volatility, seasonality, and supplier lead time to design differentiated inventory replenishment strategies per cluster.","Design a research agenda to advance K-Means Clustering methodology specifically for high-stakes retail applications, proposing three novel experimental studies that would yield actionable insights for production practitioners."
K-Means Clustering,"K-Means is an iterative centroid-based clustering algorithm that minimizes within-cluster sum of squared Euclidean distances through the Expectation-Maximization (EM) framework. Practical challenges include sensitivity to initialization (mitigated by K-Means++), the requirement to specify K a priori (addressed via elbow method, silhouette score, gap statistic), sensitivity to outliers, and the assumption of spherical, equally-sized clusters. Scalable variants (Mini-Batch K-Means) enable deployment on large datasets. K-Means is a foundational tool for customer segmentation, anomaly detection preprocessing, and vector quantization.",Create,A smart city initiative uses K-Means to cluster urban mobility patterns from anonymized cell tower data to optimize public transit route scheduling and station infrastructure investments.,"Construct a comprehensive MLOps framework tailored for K-Means Clustering deployment in this context, covering the full model lifecycle: data versioning, experiment tracking, automated retraining triggers, A/B testing infrastructure, and incident response playbooks."
K-Means Clustering,"K-Means is an iterative centroid-based clustering algorithm that minimizes within-cluster sum of squared Euclidean distances through the Expectation-Maximization (EM) framework. Practical challenges include sensitivity to initialization (mitigated by K-Means++), the requirement to specify K a priori (addressed via elbow method, silhouette score, gap statistic), sensitivity to outliers, and the assumption of spherical, equally-sized clusters. Scalable variants (Mini-Batch K-Means) enable deployment on large datasets. K-Means is a foundational tool for customer segmentation, anomaly detection preprocessing, and vector quantization.",Create,A biomedical research institute clusters patient cohorts from electronic health records to identify previously undescribed disease subtypes with distinct genetic and clinical profiles.,"Formulate a hybrid modeling strategy that combines K-Means Clustering with complementary methods to overcome its core weaknesses in this context, specifying the technical integration architecture, the decision boundaries between model components, and the validation protocol for the composite system."
Neural Networks,"Artificial Neural Networks (ANNs) are universal function approximators composed of parameterized affine transformations followed by non-linear activations, trained via backpropagation and stochastic gradient descent variants (Adam, RMSProp). Key architectural decisions include depth, width, activation functions (ReLU, GELU, Swish), normalization layers (BatchNorm, LayerNorm), and regularization (Dropout, L2). Vanishing/exploding gradients, learning rate scheduling, and initialization strategies (He, Xavier) are critical training considerations. Neural networks form the backbone of modern computer vision, NLP, and scientific computing applications.",Remember,"A semiconductor manufacturer deploys a neural network on edge hardware to detect wafer fabrication defects from optical inspection images, operating at 99.97% uptime with sub-millisecond inference.","In the context of deploying Neural Networks within enterprise, enumerate the fundamental mathematical assumptions and algorithmic constraints that must be verified prior to model selection."
Neural Networks,"Artificial Neural Networks (ANNs) are universal function approximators composed of parameterized affine transformations followed by non-linear activations, trained via backpropagation and stochastic gradient descent variants (Adam, RMSProp). Key architectural decisions include depth, width, activation functions (ReLU, GELU, Swish), normalization layers (BatchNorm, LayerNorm), and regularization (Dropout, L2). Vanishing/exploding gradients, learning rate scheduling, and initialization strategies (He, Xavier) are critical training considerations. Neural networks form the backbone of modern computer vision, NLP, and scientific computing applications.",Remember,"A central bank's economic research division builds a deep neural network to model nonlinear macroeconomic interactions between fiscal policy, monetary policy, and global supply chain shocks.","A data science team onboarding to a enterprise project requests a comprehensive taxonomy of the core components, parameters, and operational boundaries that define Neural Networks."
Neural Networks,"Artificial Neural Networks (ANNs) are universal function approximators composed of parameterized affine transformations followed by non-linear activations, trained via backpropagation and stochastic gradient descent variants (Adam, RMSProp). Key architectural decisions include depth, width, activation functions (ReLU, GELU, Swish), normalization layers (BatchNorm, LayerNorm), and regularization (Dropout, L2). Vanishing/exploding gradients, learning rate scheduling, and initialization strategies (He, Xavier) are critical training considerations. Neural networks form the backbone of modern computer vision, NLP, and scientific computing applications.",Remember,A telemedicine platform trains a multi-task neural network to simultaneously predict patient no-show risk and appointment type from scheduling history and patient demographics.,"Within the regulatory documentation for a enterprise system, specify the defining characteristics of Neural Networks that distinguish it from adjacent methodological approaches."
Neural Networks,"Artificial Neural Networks (ANNs) are universal function approximators composed of parameterized affine transformations followed by non-linear activations, trained via backpropagation and stochastic gradient descent variants (Adam, RMSProp). Key architectural decisions include depth, width, activation functions (ReLU, GELU, Swish), normalization layers (BatchNorm, LayerNorm), and regularization (Dropout, L2). Vanishing/exploding gradients, learning rate scheduling, and initialization strategies (He, Xavier) are critical training considerations. Neural networks form the backbone of modern computer vision, NLP, and scientific computing applications.",Remember,"An industrial automation company uses neural networks to model the thermal dynamics of a steel casting process, enabling predictive control that reduces energy consumption by 18% while maintaining tolerances.",Catalogue the essential computational and statistical prerequisites that must be satisfied before Neural Networks can be validly applied within a energy operational context.
Neural Networks,"Artificial Neural Networks (ANNs) are universal function approximators composed of parameterized affine transformations followed by non-linear activations, trained via backpropagation and stochastic gradient descent variants (Adam, RMSProp). Key architectural decisions include depth, width, activation functions (ReLU, GELU, Swish), normalization layers (BatchNorm, LayerNorm), and regularization (Dropout, L2). Vanishing/exploding gradients, learning rate scheduling, and initialization strategies (He, Xavier) are critical training considerations. Neural networks form the backbone of modern computer vision, NLP, and scientific computing applications.",Understand,"A semiconductor manufacturer deploys a neural network on edge hardware to detect wafer fabrication defects from optical inspection images, operating at 99.97% uptime with sub-millisecond inference.","Articulate in precise technical terms how the core learning mechanism of Neural Networks operates under the distributional assumptions present in enterprise data, specifically addressing what occurs when those assumptions are violated."
Neural Networks,"Artificial Neural Networks (ANNs) are universal function approximators composed of parameterized affine transformations followed by non-linear activations, trained via backpropagation and stochastic gradient descent variants (Adam, RMSProp). Key architectural decisions include depth, width, activation functions (ReLU, GELU, Swish), normalization layers (BatchNorm, LayerNorm), and regularization (Dropout, L2). Vanishing/exploding gradients, learning rate scheduling, and initialization strategies (He, Xavier) are critical training considerations. Neural networks form the backbone of modern computer vision, NLP, and scientific computing applications.",Understand,"A central bank's economic research division builds a deep neural network to model nonlinear macroeconomic interactions between fiscal policy, monetary policy, and global supply chain shocks.",A senior ML engineer must brief a cross-functional product team on why Neural Networks exhibits particular failure modes in enterprise applications — explain the underlying statistical rationale for these limitations.
Neural Networks,"Artificial Neural Networks (ANNs) are universal function approximators composed of parameterized affine transformations followed by non-linear activations, trained via backpropagation and stochastic gradient descent variants (Adam, RMSProp). Key architectural decisions include depth, width, activation functions (ReLU, GELU, Swish), normalization layers (BatchNorm, LayerNorm), and regularization (Dropout, L2). Vanishing/exploding gradients, learning rate scheduling, and initialization strategies (He, Xavier) are critical training considerations. Neural networks form the backbone of modern computer vision, NLP, and scientific computing applications.",Understand,A telemedicine platform trains a multi-task neural network to simultaneously predict patient no-show risk and appointment type from scheduling history and patient demographics.,Construct a conceptual explanation that differentiates the theoretical generalization behavior of Neural Networks from its empirical performance characteristics when deployed in a high-stakes enterprise pipeline.
Neural Networks,"Artificial Neural Networks (ANNs) are universal function approximators composed of parameterized affine transformations followed by non-linear activations, trained via backpropagation and stochastic gradient descent variants (Adam, RMSProp). Key architectural decisions include depth, width, activation functions (ReLU, GELU, Swish), normalization layers (BatchNorm, LayerNorm), and regularization (Dropout, L2). Vanishing/exploding gradients, learning rate scheduling, and initialization strategies (He, Xavier) are critical training considerations. Neural networks form the backbone of modern computer vision, NLP, and scientific computing applications.",Understand,"An industrial automation company uses neural networks to model the thermal dynamics of a steel casting process, enabling predictive control that reduces energy consumption by 18% while maintaining tolerances.",Interpret the mathematical intuition behind Neural Networks's core optimization objective and explain how deviations in energy data quality would propagate through the model's internal representations.
Neural Networks,"Artificial Neural Networks (ANNs) are universal function approximators composed of parameterized affine transformations followed by non-linear activations, trained via backpropagation and stochastic gradient descent variants (Adam, RMSProp). Key architectural decisions include depth, width, activation functions (ReLU, GELU, Swish), normalization layers (BatchNorm, LayerNorm), and regularization (Dropout, L2). Vanishing/exploding gradients, learning rate scheduling, and initialization strategies (He, Xavier) are critical training considerations. Neural networks form the backbone of modern computer vision, NLP, and scientific computing applications.",Apply,"A semiconductor manufacturer deploys a neural network on edge hardware to detect wafer fabrication defects from optical inspection images, operating at 99.97% uptime with sub-millisecond inference.","Given this deployment scenario, outline the complete preprocessing pipeline, feature engineering strategy, and hyperparameter configuration required to deploy Neural Networks as a production-grade component within this system."
Neural Networks,"Artificial Neural Networks (ANNs) are universal function approximators composed of parameterized affine transformations followed by non-linear activations, trained via backpropagation and stochastic gradient descent variants (Adam, RMSProp). Key architectural decisions include depth, width, activation functions (ReLU, GELU, Swish), normalization layers (BatchNorm, LayerNorm), and regularization (Dropout, L2). Vanishing/exploding gradients, learning rate scheduling, and initialization strategies (He, Xavier) are critical training considerations. Neural networks form the backbone of modern computer vision, NLP, and scientific computing applications.",Apply,"A central bank's economic research division builds a deep neural network to model nonlinear macroeconomic interactions between fiscal policy, monetary policy, and global supply chain shocks.","A team inherits a legacy enterprise system using Neural Networks with significant technical debt. Describe the concrete implementation steps to refactor the pipeline for improved reliability, latency, and maintainability."
Neural Networks,"Artificial Neural Networks (ANNs) are universal function approximators composed of parameterized affine transformations followed by non-linear activations, trained via backpropagation and stochastic gradient descent variants (Adam, RMSProp). Key architectural decisions include depth, width, activation functions (ReLU, GELU, Swish), normalization layers (BatchNorm, LayerNorm), and regularization (Dropout, L2). Vanishing/exploding gradients, learning rate scheduling, and initialization strategies (He, Xavier) are critical training considerations. Neural networks form the backbone of modern computer vision, NLP, and scientific computing applications.",Apply,A telemedicine platform trains a multi-task neural network to simultaneously predict patient no-show risk and appointment type from scheduling history and patient demographics.,"Implement a validation framework for Neural Networks in this deployment scenario context, specifying the exact metrics, thresholds, and data split strategies appropriate for the operational constraints and risk profile of this application."
Neural Networks,"Artificial Neural Networks (ANNs) are universal function approximators composed of parameterized affine transformations followed by non-linear activations, trained via backpropagation and stochastic gradient descent variants (Adam, RMSProp). Key architectural decisions include depth, width, activation functions (ReLU, GELU, Swish), normalization layers (BatchNorm, LayerNorm), and regularization (Dropout, L2). Vanishing/exploding gradients, learning rate scheduling, and initialization strategies (He, Xavier) are critical training considerations. Neural networks form the backbone of modern computer vision, NLP, and scientific computing applications.",Apply,"An industrial automation company uses neural networks to model the thermal dynamics of a steel casting process, enabling predictive control that reduces energy consumption by 18% while maintaining tolerances.","Considering this deployment scenario, detail the end-to-end inference pipeline design for Neural Networks, including feature serving, model versioning, monitoring hooks, and fallback mechanisms for production deployment."
Neural Networks,"Artificial Neural Networks (ANNs) are universal function approximators composed of parameterized affine transformations followed by non-linear activations, trained via backpropagation and stochastic gradient descent variants (Adam, RMSProp). Key architectural decisions include depth, width, activation functions (ReLU, GELU, Swish), normalization layers (BatchNorm, LayerNorm), and regularization (Dropout, L2). Vanishing/exploding gradients, learning rate scheduling, and initialization strategies (He, Xavier) are critical training considerations. Neural networks form the backbone of modern computer vision, NLP, and scientific computing applications.",Analyze,"A semiconductor manufacturer deploys a neural network on edge hardware to detect wafer fabrication defects from optical inspection images, operating at 99.97% uptime with sub-millisecond inference.","In this deployment scenario, the Neural Networks model begins exhibiting significant performance degradation six months after deployment. Conduct a systematic diagnostic analysis identifying the most probable root causes and distinguishing between data drift, concept drift, and model decay hypotheses."
Neural Networks,"Artificial Neural Networks (ANNs) are universal function approximators composed of parameterized affine transformations followed by non-linear activations, trained via backpropagation and stochastic gradient descent variants (Adam, RMSProp). Key architectural decisions include depth, width, activation functions (ReLU, GELU, Swish), normalization layers (BatchNorm, LayerNorm), and regularization (Dropout, L2). Vanishing/exploding gradients, learning rate scheduling, and initialization strategies (He, Xavier) are critical training considerations. Neural networks form the backbone of modern computer vision, NLP, and scientific computing applications.",Analyze,"A central bank's economic research division builds a deep neural network to model nonlinear macroeconomic interactions between fiscal policy, monetary policy, and global supply chain shocks.","Critically compare the architectural trade-offs between Neural Networks and two alternative algorithmic families for this deployment scenario use case, analyzing computational complexity, interpretability requirements, uncertainty quantification capacity, and regulatory compliance constraints."
Neural Networks,"Artificial Neural Networks (ANNs) are universal function approximators composed of parameterized affine transformations followed by non-linear activations, trained via backpropagation and stochastic gradient descent variants (Adam, RMSProp). Key architectural decisions include depth, width, activation functions (ReLU, GELU, Swish), normalization layers (BatchNorm, LayerNorm), and regularization (Dropout, L2). Vanishing/exploding gradients, learning rate scheduling, and initialization strategies (He, Xavier) are critical training considerations. Neural networks form the backbone of modern computer vision, NLP, and scientific computing applications.",Analyze,A telemedicine platform trains a multi-task neural network to simultaneously predict patient no-show risk and appointment type from scheduling history and patient demographics.,"Decompose the potential failure modes of Neural Networks in this deployment scenario context into data-quality failures, distributional shift failures, model specification failures, and deployment infrastructure failures, and analyze the downstream business and safety consequences of each."
Neural Networks,"Artificial Neural Networks (ANNs) are universal function approximators composed of parameterized affine transformations followed by non-linear activations, trained via backpropagation and stochastic gradient descent variants (Adam, RMSProp). Key architectural decisions include depth, width, activation functions (ReLU, GELU, Swish), normalization layers (BatchNorm, LayerNorm), and regularization (Dropout, L2). Vanishing/exploding gradients, learning rate scheduling, and initialization strategies (He, Xavier) are critical training considerations. Neural networks form the backbone of modern computer vision, NLP, and scientific computing applications.",Analyze,"An industrial automation company uses neural networks to model the thermal dynamics of a steel casting process, enabling predictive control that reduces energy consumption by 18% while maintaining tolerances.","Examine the interaction effects between Neural Networks's core assumptions and the specific data-generating process in this context, identifying which assumption violations are benign, which are correctable, and which would fundamentally invalidate the modeling approach."
Neural Networks,"Artificial Neural Networks (ANNs) are universal function approximators composed of parameterized affine transformations followed by non-linear activations, trained via backpropagation and stochastic gradient descent variants (Adam, RMSProp). Key architectural decisions include depth, width, activation functions (ReLU, GELU, Swish), normalization layers (BatchNorm, LayerNorm), and regularization (Dropout, L2). Vanishing/exploding gradients, learning rate scheduling, and initialization strategies (He, Xavier) are critical training considerations. Neural networks form the backbone of modern computer vision, NLP, and scientific computing applications.",Evaluate,"A semiconductor manufacturer deploys a neural network on edge hardware to detect wafer fabrication defects from optical inspection images, operating at 99.97% uptime with sub-millisecond inference.","In this deployment scenario, multiple ML teams are advocating for Neural Networks as the production system. Formulate a rigorous evaluation framework that quantifies not only predictive performance but also business value, operational risk, fairness, interpretability, and total cost of ownership."
Neural Networks,"Artificial Neural Networks (ANNs) are universal function approximators composed of parameterized affine transformations followed by non-linear activations, trained via backpropagation and stochastic gradient descent variants (Adam, RMSProp). Key architectural decisions include depth, width, activation functions (ReLU, GELU, Swish), normalization layers (BatchNorm, LayerNorm), and regularization (Dropout, L2). Vanishing/exploding gradients, learning rate scheduling, and initialization strategies (He, Xavier) are critical training considerations. Neural networks form the backbone of modern computer vision, NLP, and scientific computing applications.",Evaluate,"A central bank's economic research division builds a deep neural network to model nonlinear macroeconomic interactions between fiscal policy, monetary policy, and global supply chain shocks.","Critically assess the deployment readiness of a Neural Networks model in this deployment scenario context, evaluating the model's robustness to adversarial inputs, its calibration quality, its behavior under distribution shift, and the adequacy of its monitoring instrumentation."
Neural Networks,"Artificial Neural Networks (ANNs) are universal function approximators composed of parameterized affine transformations followed by non-linear activations, trained via backpropagation and stochastic gradient descent variants (Adam, RMSProp). Key architectural decisions include depth, width, activation functions (ReLU, GELU, Swish), normalization layers (BatchNorm, LayerNorm), and regularization (Dropout, L2). Vanishing/exploding gradients, learning rate scheduling, and initialization strategies (He, Xavier) are critical training considerations. Neural networks form the backbone of modern computer vision, NLP, and scientific computing applications.",Evaluate,A telemedicine platform trains a multi-task neural network to simultaneously predict patient no-show risk and appointment type from scheduling history and patient demographics.,"A regulatory body is reviewing the use of Neural Networks in this context. Argue for or against the model's fitness for purpose, substantiating your position with specific evidence criteria, acceptable risk thresholds, and the consequences of both Type I and Type II decision errors."
Neural Networks,"Artificial Neural Networks (ANNs) are universal function approximators composed of parameterized affine transformations followed by non-linear activations, trained via backpropagation and stochastic gradient descent variants (Adam, RMSProp). Key architectural decisions include depth, width, activation functions (ReLU, GELU, Swish), normalization layers (BatchNorm, LayerNorm), and regularization (Dropout, L2). Vanishing/exploding gradients, learning rate scheduling, and initialization strategies (He, Xavier) are critical training considerations. Neural networks form the backbone of modern computer vision, NLP, and scientific computing applications.",Evaluate,"An industrial automation company uses neural networks to model the thermal dynamics of a steel casting process, enabling predictive control that reduces energy consumption by 18% while maintaining tolerances.","Evaluate the long-term sustainability of a Neural Networks-based solution for this use case, considering model decay trajectories, retraining cost structures, data governance requirements, and the ethical implications of scaled automated decision-making in this domain."
Neural Networks,"Artificial Neural Networks (ANNs) are universal function approximators composed of parameterized affine transformations followed by non-linear activations, trained via backpropagation and stochastic gradient descent variants (Adam, RMSProp). Key architectural decisions include depth, width, activation functions (ReLU, GELU, Swish), normalization layers (BatchNorm, LayerNorm), and regularization (Dropout, L2). Vanishing/exploding gradients, learning rate scheduling, and initialization strategies (He, Xavier) are critical training considerations. Neural networks form the backbone of modern computer vision, NLP, and scientific computing applications.",Create,"A semiconductor manufacturer deploys a neural network on edge hardware to detect wafer fabrication defects from optical inspection images, operating at 99.97% uptime with sub-millisecond inference.","Architect a novel ML system for this use case that addresses the key limitations of standard Neural Networks implementations, incorporating uncertainty quantification, fairness constraints, concept drift adaptation, and human-in-the-loop oversight mechanisms."
Neural Networks,"Artificial Neural Networks (ANNs) are universal function approximators composed of parameterized affine transformations followed by non-linear activations, trained via backpropagation and stochastic gradient descent variants (Adam, RMSProp). Key architectural decisions include depth, width, activation functions (ReLU, GELU, Swish), normalization layers (BatchNorm, LayerNorm), and regularization (Dropout, L2). Vanishing/exploding gradients, learning rate scheduling, and initialization strategies (He, Xavier) are critical training considerations. Neural networks form the backbone of modern computer vision, NLP, and scientific computing applications.",Create,"A central bank's economic research division builds a deep neural network to model nonlinear macroeconomic interactions between fiscal policy, monetary policy, and global supply chain shocks.","Design a research agenda to advance Neural Networks methodology specifically for high-stakes enterprise applications, proposing three novel experimental studies that would yield actionable insights for production practitioners."
Neural Networks,"Artificial Neural Networks (ANNs) are universal function approximators composed of parameterized affine transformations followed by non-linear activations, trained via backpropagation and stochastic gradient descent variants (Adam, RMSProp). Key architectural decisions include depth, width, activation functions (ReLU, GELU, Swish), normalization layers (BatchNorm, LayerNorm), and regularization (Dropout, L2). Vanishing/exploding gradients, learning rate scheduling, and initialization strategies (He, Xavier) are critical training considerations. Neural networks form the backbone of modern computer vision, NLP, and scientific computing applications.",Create,A telemedicine platform trains a multi-task neural network to simultaneously predict patient no-show risk and appointment type from scheduling history and patient demographics.,"Construct a comprehensive MLOps framework tailored for Neural Networks deployment in this context, covering the full model lifecycle: data versioning, experiment tracking, automated retraining triggers, A/B testing infrastructure, and incident response playbooks."
Neural Networks,"Artificial Neural Networks (ANNs) are universal function approximators composed of parameterized affine transformations followed by non-linear activations, trained via backpropagation and stochastic gradient descent variants (Adam, RMSProp). Key architectural decisions include depth, width, activation functions (ReLU, GELU, Swish), normalization layers (BatchNorm, LayerNorm), and regularization (Dropout, L2). Vanishing/exploding gradients, learning rate scheduling, and initialization strategies (He, Xavier) are critical training considerations. Neural networks form the backbone of modern computer vision, NLP, and scientific computing applications.",Create,"An industrial automation company uses neural networks to model the thermal dynamics of a steel casting process, enabling predictive control that reduces energy consumption by 18% while maintaining tolerances.","Formulate a hybrid modeling strategy that combines Neural Networks with complementary methods to overcome its core weaknesses in this context, specifying the technical integration architecture, the decision boundaries between model components, and the validation protocol for the composite system."
Convolutional Neural Networks,"Convolutional Neural Networks (CNNs) exploit spatial locality and translation invariance through learnable convolutional filters, pooling layers, and hierarchical feature abstraction. Architectural innovations from AlexNet to ResNet, EfficientNet, and Vision Transformers define the evolution of the field. Key concepts include receptive field computation, depthwise separable convolutions, skip connections, and feature pyramid networks for multi-scale tasks. CNNs are the dominant paradigm for image classification, object detection (YOLO, Faster R-CNN), semantic segmentation, and medical imaging, with deployment requiring careful attention to inference latency, model compression, and input normalization.",Remember,A pathology AI company develops a CNN to detect microsatellite instability from H&E-stained tissue slides to identify patients who may respond to immune checkpoint inhibitor therapy.,"In the context of deploying Convolutional Neural Networks within enterprise, enumerate the fundamental mathematical assumptions and algorithmic constraints that must be verified prior to model selection."
Convolutional Neural Networks,"Convolutional Neural Networks (CNNs) exploit spatial locality and translation invariance through learnable convolutional filters, pooling layers, and hierarchical feature abstraction. Architectural innovations from AlexNet to ResNet, EfficientNet, and Vision Transformers define the evolution of the field. Key concepts include receptive field computation, depthwise separable convolutions, skip connections, and feature pyramid networks for multi-scale tasks. CNNs are the dominant paradigm for image classification, object detection (YOLO, Faster R-CNN), semantic segmentation, and medical imaging, with deployment requiring careful attention to inference latency, model compression, and input normalization.",Remember,"An autonomous drone inspection startup uses CNNs to identify structural defects (cracks, corrosion, delamination) in wind turbine blades from high-resolution aerial photographs in offshore installations.","A data science team onboarding to a enterprise project requests a comprehensive taxonomy of the core components, parameters, and operational boundaries that define Convolutional Neural Networks."
Convolutional Neural Networks,"Convolutional Neural Networks (CNNs) exploit spatial locality and translation invariance through learnable convolutional filters, pooling layers, and hierarchical feature abstraction. Architectural innovations from AlexNet to ResNet, EfficientNet, and Vision Transformers define the evolution of the field. Key concepts include receptive field computation, depthwise separable convolutions, skip connections, and feature pyramid networks for multi-scale tasks. CNNs are the dominant paradigm for image classification, object detection (YOLO, Faster R-CNN), semantic segmentation, and medical imaging, with deployment requiring careful attention to inference latency, model compression, and input normalization.",Remember,"A border security agency deploys a CNN-based X-ray screening system for contraband detection at high-throughput checkpoints, requiring near-zero false negatives with operator explainability.","Within the regulatory documentation for a enterprise system, specify the defining characteristics of Convolutional Neural Networks that distinguish it from adjacent methodological approaches."
Convolutional Neural Networks,"Convolutional Neural Networks (CNNs) exploit spatial locality and translation invariance through learnable convolutional filters, pooling layers, and hierarchical feature abstraction. Architectural innovations from AlexNet to ResNet, EfficientNet, and Vision Transformers define the evolution of the field. Key concepts include receptive field computation, depthwise separable convolutions, skip connections, and feature pyramid networks for multi-scale tasks. CNNs are the dominant paradigm for image classification, object detection (YOLO, Faster R-CNN), semantic segmentation, and medical imaging, with deployment requiring careful attention to inference latency, model compression, and input normalization.",Remember,A fashion retail company uses CNNs to enable visual search: shoppers photograph street-style outfits and the model retrieves visually similar products from a catalog of 2 million SKUs.,Catalogue the essential computational and statistical prerequisites that must be satisfied before Convolutional Neural Networks can be validly applied within a retail operational context.
Convolutional Neural Networks,"Convolutional Neural Networks (CNNs) exploit spatial locality and translation invariance through learnable convolutional filters, pooling layers, and hierarchical feature abstraction. Architectural innovations from AlexNet to ResNet, EfficientNet, and Vision Transformers define the evolution of the field. Key concepts include receptive field computation, depthwise separable convolutions, skip connections, and feature pyramid networks for multi-scale tasks. CNNs are the dominant paradigm for image classification, object detection (YOLO, Faster R-CNN), semantic segmentation, and medical imaging, with deployment requiring careful attention to inference latency, model compression, and input normalization.",Understand,A pathology AI company develops a CNN to detect microsatellite instability from H&E-stained tissue slides to identify patients who may respond to immune checkpoint inhibitor therapy.,"Articulate in precise technical terms how the core learning mechanism of Convolutional Neural Networks operates under the distributional assumptions present in enterprise data, specifically addressing what occurs when those assumptions are violated."
Convolutional Neural Networks,"Convolutional Neural Networks (CNNs) exploit spatial locality and translation invariance through learnable convolutional filters, pooling layers, and hierarchical feature abstraction. Architectural innovations from AlexNet to ResNet, EfficientNet, and Vision Transformers define the evolution of the field. Key concepts include receptive field computation, depthwise separable convolutions, skip connections, and feature pyramid networks for multi-scale tasks. CNNs are the dominant paradigm for image classification, object detection (YOLO, Faster R-CNN), semantic segmentation, and medical imaging, with deployment requiring careful attention to inference latency, model compression, and input normalization.",Understand,"An autonomous drone inspection startup uses CNNs to identify structural defects (cracks, corrosion, delamination) in wind turbine blades from high-resolution aerial photographs in offshore installations.",A senior ML engineer must brief a cross-functional product team on why Convolutional Neural Networks exhibits particular failure modes in enterprise applications — explain the underlying statistical rationale for these limitations.
Convolutional Neural Networks,"Convolutional Neural Networks (CNNs) exploit spatial locality and translation invariance through learnable convolutional filters, pooling layers, and hierarchical feature abstraction. Architectural innovations from AlexNet to ResNet, EfficientNet, and Vision Transformers define the evolution of the field. Key concepts include receptive field computation, depthwise separable convolutions, skip connections, and feature pyramid networks for multi-scale tasks. CNNs are the dominant paradigm for image classification, object detection (YOLO, Faster R-CNN), semantic segmentation, and medical imaging, with deployment requiring careful attention to inference latency, model compression, and input normalization.",Understand,"A border security agency deploys a CNN-based X-ray screening system for contraband detection at high-throughput checkpoints, requiring near-zero false negatives with operator explainability.",Construct a conceptual explanation that differentiates the theoretical generalization behavior of Convolutional Neural Networks from its empirical performance characteristics when deployed in a high-stakes enterprise pipeline.
Convolutional Neural Networks,"Convolutional Neural Networks (CNNs) exploit spatial locality and translation invariance through learnable convolutional filters, pooling layers, and hierarchical feature abstraction. Architectural innovations from AlexNet to ResNet, EfficientNet, and Vision Transformers define the evolution of the field. Key concepts include receptive field computation, depthwise separable convolutions, skip connections, and feature pyramid networks for multi-scale tasks. CNNs are the dominant paradigm for image classification, object detection (YOLO, Faster R-CNN), semantic segmentation, and medical imaging, with deployment requiring careful attention to inference latency, model compression, and input normalization.",Understand,A fashion retail company uses CNNs to enable visual search: shoppers photograph street-style outfits and the model retrieves visually similar products from a catalog of 2 million SKUs.,Interpret the mathematical intuition behind Convolutional Neural Networks's core optimization objective and explain how deviations in retail data quality would propagate through the model's internal representations.
Convolutional Neural Networks,"Convolutional Neural Networks (CNNs) exploit spatial locality and translation invariance through learnable convolutional filters, pooling layers, and hierarchical feature abstraction. Architectural innovations from AlexNet to ResNet, EfficientNet, and Vision Transformers define the evolution of the field. Key concepts include receptive field computation, depthwise separable convolutions, skip connections, and feature pyramid networks for multi-scale tasks. CNNs are the dominant paradigm for image classification, object detection (YOLO, Faster R-CNN), semantic segmentation, and medical imaging, with deployment requiring careful attention to inference latency, model compression, and input normalization.",Apply,A pathology AI company develops a CNN to detect microsatellite instability from H&E-stained tissue slides to identify patients who may respond to immune checkpoint inhibitor therapy.,"Given this deployment scenario, outline the complete preprocessing pipeline, feature engineering strategy, and hyperparameter configuration required to deploy Convolutional Neural Networks as a production-grade component within this system."
Convolutional Neural Networks,"Convolutional Neural Networks (CNNs) exploit spatial locality and translation invariance through learnable convolutional filters, pooling layers, and hierarchical feature abstraction. Architectural innovations from AlexNet to ResNet, EfficientNet, and Vision Transformers define the evolution of the field. Key concepts include receptive field computation, depthwise separable convolutions, skip connections, and feature pyramid networks for multi-scale tasks. CNNs are the dominant paradigm for image classification, object detection (YOLO, Faster R-CNN), semantic segmentation, and medical imaging, with deployment requiring careful attention to inference latency, model compression, and input normalization.",Apply,"An autonomous drone inspection startup uses CNNs to identify structural defects (cracks, corrosion, delamination) in wind turbine blades from high-resolution aerial photographs in offshore installations.","A team inherits a legacy enterprise system using Convolutional Neural Networks with significant technical debt. Describe the concrete implementation steps to refactor the pipeline for improved reliability, latency, and maintainability."
Convolutional Neural Networks,"Convolutional Neural Networks (CNNs) exploit spatial locality and translation invariance through learnable convolutional filters, pooling layers, and hierarchical feature abstraction. Architectural innovations from AlexNet to ResNet, EfficientNet, and Vision Transformers define the evolution of the field. Key concepts include receptive field computation, depthwise separable convolutions, skip connections, and feature pyramid networks for multi-scale tasks. CNNs are the dominant paradigm for image classification, object detection (YOLO, Faster R-CNN), semantic segmentation, and medical imaging, with deployment requiring careful attention to inference latency, model compression, and input normalization.",Apply,"A border security agency deploys a CNN-based X-ray screening system for contraband detection at high-throughput checkpoints, requiring near-zero false negatives with operator explainability.","Implement a validation framework for Convolutional Neural Networks in this deployment scenario context, specifying the exact metrics, thresholds, and data split strategies appropriate for the operational constraints and risk profile of this application."
Convolutional Neural Networks,"Convolutional Neural Networks (CNNs) exploit spatial locality and translation invariance through learnable convolutional filters, pooling layers, and hierarchical feature abstraction. Architectural innovations from AlexNet to ResNet, EfficientNet, and Vision Transformers define the evolution of the field. Key concepts include receptive field computation, depthwise separable convolutions, skip connections, and feature pyramid networks for multi-scale tasks. CNNs are the dominant paradigm for image classification, object detection (YOLO, Faster R-CNN), semantic segmentation, and medical imaging, with deployment requiring careful attention to inference latency, model compression, and input normalization.",Apply,A fashion retail company uses CNNs to enable visual search: shoppers photograph street-style outfits and the model retrieves visually similar products from a catalog of 2 million SKUs.,"Considering this deployment scenario, detail the end-to-end inference pipeline design for Convolutional Neural Networks, including feature serving, model versioning, monitoring hooks, and fallback mechanisms for production deployment."
Convolutional Neural Networks,"Convolutional Neural Networks (CNNs) exploit spatial locality and translation invariance through learnable convolutional filters, pooling layers, and hierarchical feature abstraction. Architectural innovations from AlexNet to ResNet, EfficientNet, and Vision Transformers define the evolution of the field. Key concepts include receptive field computation, depthwise separable convolutions, skip connections, and feature pyramid networks for multi-scale tasks. CNNs are the dominant paradigm for image classification, object detection (YOLO, Faster R-CNN), semantic segmentation, and medical imaging, with deployment requiring careful attention to inference latency, model compression, and input normalization.",Analyze,A pathology AI company develops a CNN to detect microsatellite instability from H&E-stained tissue slides to identify patients who may respond to immune checkpoint inhibitor therapy.,"In this deployment scenario, the Convolutional Neural Networks model begins exhibiting significant performance degradation six months after deployment. Conduct a systematic diagnostic analysis identifying the most probable root causes and distinguishing between data drift, concept drift, and model decay hypotheses."
Convolutional Neural Networks,"Convolutional Neural Networks (CNNs) exploit spatial locality and translation invariance through learnable convolutional filters, pooling layers, and hierarchical feature abstraction. Architectural innovations from AlexNet to ResNet, EfficientNet, and Vision Transformers define the evolution of the field. Key concepts include receptive field computation, depthwise separable convolutions, skip connections, and feature pyramid networks for multi-scale tasks. CNNs are the dominant paradigm for image classification, object detection (YOLO, Faster R-CNN), semantic segmentation, and medical imaging, with deployment requiring careful attention to inference latency, model compression, and input normalization.",Analyze,"An autonomous drone inspection startup uses CNNs to identify structural defects (cracks, corrosion, delamination) in wind turbine blades from high-resolution aerial photographs in offshore installations.","Critically compare the architectural trade-offs between Convolutional Neural Networks and two alternative algorithmic families for this deployment scenario use case, analyzing computational complexity, interpretability requirements, uncertainty quantification capacity, and regulatory compliance constraints."
Convolutional Neural Networks,"Convolutional Neural Networks (CNNs) exploit spatial locality and translation invariance through learnable convolutional filters, pooling layers, and hierarchical feature abstraction. Architectural innovations from AlexNet to ResNet, EfficientNet, and Vision Transformers define the evolution of the field. Key concepts include receptive field computation, depthwise separable convolutions, skip connections, and feature pyramid networks for multi-scale tasks. CNNs are the dominant paradigm for image classification, object detection (YOLO, Faster R-CNN), semantic segmentation, and medical imaging, with deployment requiring careful attention to inference latency, model compression, and input normalization.",Analyze,"A border security agency deploys a CNN-based X-ray screening system for contraband detection at high-throughput checkpoints, requiring near-zero false negatives with operator explainability.","Decompose the potential failure modes of Convolutional Neural Networks in this deployment scenario context into data-quality failures, distributional shift failures, model specification failures, and deployment infrastructure failures, and analyze the downstream business and safety consequences of each."
Convolutional Neural Networks,"Convolutional Neural Networks (CNNs) exploit spatial locality and translation invariance through learnable convolutional filters, pooling layers, and hierarchical feature abstraction. Architectural innovations from AlexNet to ResNet, EfficientNet, and Vision Transformers define the evolution of the field. Key concepts include receptive field computation, depthwise separable convolutions, skip connections, and feature pyramid networks for multi-scale tasks. CNNs are the dominant paradigm for image classification, object detection (YOLO, Faster R-CNN), semantic segmentation, and medical imaging, with deployment requiring careful attention to inference latency, model compression, and input normalization.",Analyze,A fashion retail company uses CNNs to enable visual search: shoppers photograph street-style outfits and the model retrieves visually similar products from a catalog of 2 million SKUs.,"Examine the interaction effects between Convolutional Neural Networks's core assumptions and the specific data-generating process in this context, identifying which assumption violations are benign, which are correctable, and which would fundamentally invalidate the modeling approach."
Convolutional Neural Networks,"Convolutional Neural Networks (CNNs) exploit spatial locality and translation invariance through learnable convolutional filters, pooling layers, and hierarchical feature abstraction. Architectural innovations from AlexNet to ResNet, EfficientNet, and Vision Transformers define the evolution of the field. Key concepts include receptive field computation, depthwise separable convolutions, skip connections, and feature pyramid networks for multi-scale tasks. CNNs are the dominant paradigm for image classification, object detection (YOLO, Faster R-CNN), semantic segmentation, and medical imaging, with deployment requiring careful attention to inference latency, model compression, and input normalization.",Evaluate,A pathology AI company develops a CNN to detect microsatellite instability from H&E-stained tissue slides to identify patients who may respond to immune checkpoint inhibitor therapy.,"In this deployment scenario, multiple ML teams are advocating for Convolutional Neural Networks as the production system. Formulate a rigorous evaluation framework that quantifies not only predictive performance but also business value, operational risk, fairness, interpretability, and total cost of ownership."
Convolutional Neural Networks,"Convolutional Neural Networks (CNNs) exploit spatial locality and translation invariance through learnable convolutional filters, pooling layers, and hierarchical feature abstraction. Architectural innovations from AlexNet to ResNet, EfficientNet, and Vision Transformers define the evolution of the field. Key concepts include receptive field computation, depthwise separable convolutions, skip connections, and feature pyramid networks for multi-scale tasks. CNNs are the dominant paradigm for image classification, object detection (YOLO, Faster R-CNN), semantic segmentation, and medical imaging, with deployment requiring careful attention to inference latency, model compression, and input normalization.",Evaluate,"An autonomous drone inspection startup uses CNNs to identify structural defects (cracks, corrosion, delamination) in wind turbine blades from high-resolution aerial photographs in offshore installations.","Critically assess the deployment readiness of a Convolutional Neural Networks model in this deployment scenario context, evaluating the model's robustness to adversarial inputs, its calibration quality, its behavior under distribution shift, and the adequacy of its monitoring instrumentation."
Convolutional Neural Networks,"Convolutional Neural Networks (CNNs) exploit spatial locality and translation invariance through learnable convolutional filters, pooling layers, and hierarchical feature abstraction. Architectural innovations from AlexNet to ResNet, EfficientNet, and Vision Transformers define the evolution of the field. Key concepts include receptive field computation, depthwise separable convolutions, skip connections, and feature pyramid networks for multi-scale tasks. CNNs are the dominant paradigm for image classification, object detection (YOLO, Faster R-CNN), semantic segmentation, and medical imaging, with deployment requiring careful attention to inference latency, model compression, and input normalization.",Evaluate,"A border security agency deploys a CNN-based X-ray screening system for contraband detection at high-throughput checkpoints, requiring near-zero false negatives with operator explainability.","A regulatory body is reviewing the use of Convolutional Neural Networks in this context. Argue for or against the model's fitness for purpose, substantiating your position with specific evidence criteria, acceptable risk thresholds, and the consequences of both Type I and Type II decision errors."
Convolutional Neural Networks,"Convolutional Neural Networks (CNNs) exploit spatial locality and translation invariance through learnable convolutional filters, pooling layers, and hierarchical feature abstraction. Architectural innovations from AlexNet to ResNet, EfficientNet, and Vision Transformers define the evolution of the field. Key concepts include receptive field computation, depthwise separable convolutions, skip connections, and feature pyramid networks for multi-scale tasks. CNNs are the dominant paradigm for image classification, object detection (YOLO, Faster R-CNN), semantic segmentation, and medical imaging, with deployment requiring careful attention to inference latency, model compression, and input normalization.",Evaluate,A fashion retail company uses CNNs to enable visual search: shoppers photograph street-style outfits and the model retrieves visually similar products from a catalog of 2 million SKUs.,"Evaluate the long-term sustainability of a Convolutional Neural Networks-based solution for this use case, considering model decay trajectories, retraining cost structures, data governance requirements, and the ethical implications of scaled automated decision-making in this domain."
Convolutional Neural Networks,"Convolutional Neural Networks (CNNs) exploit spatial locality and translation invariance through learnable convolutional filters, pooling layers, and hierarchical feature abstraction. Architectural innovations from AlexNet to ResNet, EfficientNet, and Vision Transformers define the evolution of the field. Key concepts include receptive field computation, depthwise separable convolutions, skip connections, and feature pyramid networks for multi-scale tasks. CNNs are the dominant paradigm for image classification, object detection (YOLO, Faster R-CNN), semantic segmentation, and medical imaging, with deployment requiring careful attention to inference latency, model compression, and input normalization.",Create,A pathology AI company develops a CNN to detect microsatellite instability from H&E-stained tissue slides to identify patients who may respond to immune checkpoint inhibitor therapy.,"Architect a novel ML system for this use case that addresses the key limitations of standard Convolutional Neural Networks implementations, incorporating uncertainty quantification, fairness constraints, concept drift adaptation, and human-in-the-loop oversight mechanisms."
Convolutional Neural Networks,"Convolutional Neural Networks (CNNs) exploit spatial locality and translation invariance through learnable convolutional filters, pooling layers, and hierarchical feature abstraction. Architectural innovations from AlexNet to ResNet, EfficientNet, and Vision Transformers define the evolution of the field. Key concepts include receptive field computation, depthwise separable convolutions, skip connections, and feature pyramid networks for multi-scale tasks. CNNs are the dominant paradigm for image classification, object detection (YOLO, Faster R-CNN), semantic segmentation, and medical imaging, with deployment requiring careful attention to inference latency, model compression, and input normalization.",Create,"An autonomous drone inspection startup uses CNNs to identify structural defects (cracks, corrosion, delamination) in wind turbine blades from high-resolution aerial photographs in offshore installations.","Design a research agenda to advance Convolutional Neural Networks methodology specifically for high-stakes enterprise applications, proposing three novel experimental studies that would yield actionable insights for production practitioners."
Convolutional Neural Networks,"Convolutional Neural Networks (CNNs) exploit spatial locality and translation invariance through learnable convolutional filters, pooling layers, and hierarchical feature abstraction. Architectural innovations from AlexNet to ResNet, EfficientNet, and Vision Transformers define the evolution of the field. Key concepts include receptive field computation, depthwise separable convolutions, skip connections, and feature pyramid networks for multi-scale tasks. CNNs are the dominant paradigm for image classification, object detection (YOLO, Faster R-CNN), semantic segmentation, and medical imaging, with deployment requiring careful attention to inference latency, model compression, and input normalization.",Create,"A border security agency deploys a CNN-based X-ray screening system for contraband detection at high-throughput checkpoints, requiring near-zero false negatives with operator explainability.","Construct a comprehensive MLOps framework tailored for Convolutional Neural Networks deployment in this context, covering the full model lifecycle: data versioning, experiment tracking, automated retraining triggers, A/B testing infrastructure, and incident response playbooks."
Convolutional Neural Networks,"Convolutional Neural Networks (CNNs) exploit spatial locality and translation invariance through learnable convolutional filters, pooling layers, and hierarchical feature abstraction. Architectural innovations from AlexNet to ResNet, EfficientNet, and Vision Transformers define the evolution of the field. Key concepts include receptive field computation, depthwise separable convolutions, skip connections, and feature pyramid networks for multi-scale tasks. CNNs are the dominant paradigm for image classification, object detection (YOLO, Faster R-CNN), semantic segmentation, and medical imaging, with deployment requiring careful attention to inference latency, model compression, and input normalization.",Create,A fashion retail company uses CNNs to enable visual search: shoppers photograph street-style outfits and the model retrieves visually similar products from a catalog of 2 million SKUs.,"Formulate a hybrid modeling strategy that combines Convolutional Neural Networks with complementary methods to overcome its core weaknesses in this context, specifying the technical integration architecture, the decision boundaries between model components, and the validation protocol for the composite system."
Recurrent Neural Networks,"Recurrent Neural Networks (RNNs) and their gated variants (LSTM, GRU) model sequential data by maintaining hidden state across time steps, enabling capture of temporal dependencies. Key challenges include vanishing gradients over long sequences (addressed by LSTMs via forget, input, and output gates), training instability (gradient clipping), and computational inefficiency due to sequential processing. Bidirectional RNNs capture both forward and backward context, while encoder-decoder architectures enable sequence-to-sequence tasks. Despite being largely superseded by Transformers for NLP, RNNs remain relevant for time-series modeling, speech, and resource-constrained edge deployments.",Remember,"A hedge fund uses LSTM networks to model intraday trading patterns across correlated currency pairs, capturing temporal dependencies across multiple time horizons for high-frequency signal generation.","In the context of deploying Recurrent Neural Networks within enterprise, enumerate the fundamental mathematical assumptions and algorithmic constraints that must be verified prior to model selection."
Recurrent Neural Networks,"Recurrent Neural Networks (RNNs) and their gated variants (LSTM, GRU) model sequential data by maintaining hidden state across time steps, enabling capture of temporal dependencies. Key challenges include vanishing gradients over long sequences (addressed by LSTMs via forget, input, and output gates), training instability (gradient clipping), and computational inefficiency due to sequential processing. Bidirectional RNNs capture both forward and backward context, while encoder-decoder architectures enable sequence-to-sequence tasks. Despite being largely superseded by Transformers for NLP, RNNs remain relevant for time-series modeling, speech, and resource-constrained edge deployments.",Remember,"A predictive maintenance company trains RNN models on multivariate sensor time series from jet engines to predict remaining useful life, enabling condition-based overhaul scheduling for airlines.","A data science team onboarding to a enterprise project requests a comprehensive taxonomy of the core components, parameters, and operational boundaries that define Recurrent Neural Networks."
Recurrent Neural Networks,"Recurrent Neural Networks (RNNs) and their gated variants (LSTM, GRU) model sequential data by maintaining hidden state across time steps, enabling capture of temporal dependencies. Key challenges include vanishing gradients over long sequences (addressed by LSTMs via forget, input, and output gates), training instability (gradient clipping), and computational inefficiency due to sequential processing. Bidirectional RNNs capture both forward and backward context, while encoder-decoder architectures enable sequence-to-sequence tasks. Despite being largely superseded by Transformers for NLP, RNNs remain relevant for time-series modeling, speech, and resource-constrained edge deployments.",Remember,"A real-time patient monitoring system uses LSTM networks to detect precursors of septic shock from continuous ICU vital sign streams, triggering early intervention protocols.","Within the regulatory documentation for a enterprise system, specify the defining characteristics of Recurrent Neural Networks that distinguish it from adjacent methodological approaches."
Recurrent Neural Networks,"Recurrent Neural Networks (RNNs) and their gated variants (LSTM, GRU) model sequential data by maintaining hidden state across time steps, enabling capture of temporal dependencies. Key challenges include vanishing gradients over long sequences (addressed by LSTMs via forget, input, and output gates), training instability (gradient clipping), and computational inefficiency due to sequential processing. Bidirectional RNNs capture both forward and backward context, while encoder-decoder architectures enable sequence-to-sequence tasks. Despite being largely superseded by Transformers for NLP, RNNs remain relevant for time-series modeling, speech, and resource-constrained edge deployments.",Remember,"A speech-to-text engine for rare African languages uses bidirectional RNNs trained on sparse data, requiring robust handling of code-switching and dialectal variation in low-resource settings.",Catalogue the essential computational and statistical prerequisites that must be satisfied before Recurrent Neural Networks can be validly applied within a enterprise operational context.
Recurrent Neural Networks,"Recurrent Neural Networks (RNNs) and their gated variants (LSTM, GRU) model sequential data by maintaining hidden state across time steps, enabling capture of temporal dependencies. Key challenges include vanishing gradients over long sequences (addressed by LSTMs via forget, input, and output gates), training instability (gradient clipping), and computational inefficiency due to sequential processing. Bidirectional RNNs capture both forward and backward context, while encoder-decoder architectures enable sequence-to-sequence tasks. Despite being largely superseded by Transformers for NLP, RNNs remain relevant for time-series modeling, speech, and resource-constrained edge deployments.",Understand,"A hedge fund uses LSTM networks to model intraday trading patterns across correlated currency pairs, capturing temporal dependencies across multiple time horizons for high-frequency signal generation.","Articulate in precise technical terms how the core learning mechanism of Recurrent Neural Networks operates under the distributional assumptions present in enterprise data, specifically addressing what occurs when those assumptions are violated."
Recurrent Neural Networks,"Recurrent Neural Networks (RNNs) and their gated variants (LSTM, GRU) model sequential data by maintaining hidden state across time steps, enabling capture of temporal dependencies. Key challenges include vanishing gradients over long sequences (addressed by LSTMs via forget, input, and output gates), training instability (gradient clipping), and computational inefficiency due to sequential processing. Bidirectional RNNs capture both forward and backward context, while encoder-decoder architectures enable sequence-to-sequence tasks. Despite being largely superseded by Transformers for NLP, RNNs remain relevant for time-series modeling, speech, and resource-constrained edge deployments.",Understand,"A predictive maintenance company trains RNN models on multivariate sensor time series from jet engines to predict remaining useful life, enabling condition-based overhaul scheduling for airlines.",A senior ML engineer must brief a cross-functional product team on why Recurrent Neural Networks exhibits particular failure modes in enterprise applications — explain the underlying statistical rationale for these limitations.
Recurrent Neural Networks,"Recurrent Neural Networks (RNNs) and their gated variants (LSTM, GRU) model sequential data by maintaining hidden state across time steps, enabling capture of temporal dependencies. Key challenges include vanishing gradients over long sequences (addressed by LSTMs via forget, input, and output gates), training instability (gradient clipping), and computational inefficiency due to sequential processing. Bidirectional RNNs capture both forward and backward context, while encoder-decoder architectures enable sequence-to-sequence tasks. Despite being largely superseded by Transformers for NLP, RNNs remain relevant for time-series modeling, speech, and resource-constrained edge deployments.",Understand,"A real-time patient monitoring system uses LSTM networks to detect precursors of septic shock from continuous ICU vital sign streams, triggering early intervention protocols.",Construct a conceptual explanation that differentiates the theoretical generalization behavior of Recurrent Neural Networks from its empirical performance characteristics when deployed in a high-stakes enterprise pipeline.
Recurrent Neural Networks,"Recurrent Neural Networks (RNNs) and their gated variants (LSTM, GRU) model sequential data by maintaining hidden state across time steps, enabling capture of temporal dependencies. Key challenges include vanishing gradients over long sequences (addressed by LSTMs via forget, input, and output gates), training instability (gradient clipping), and computational inefficiency due to sequential processing. Bidirectional RNNs capture both forward and backward context, while encoder-decoder architectures enable sequence-to-sequence tasks. Despite being largely superseded by Transformers for NLP, RNNs remain relevant for time-series modeling, speech, and resource-constrained edge deployments.",Understand,"A speech-to-text engine for rare African languages uses bidirectional RNNs trained on sparse data, requiring robust handling of code-switching and dialectal variation in low-resource settings.",Interpret the mathematical intuition behind Recurrent Neural Networks's core optimization objective and explain how deviations in enterprise data quality would propagate through the model's internal representations.
Recurrent Neural Networks,"Recurrent Neural Networks (RNNs) and their gated variants (LSTM, GRU) model sequential data by maintaining hidden state across time steps, enabling capture of temporal dependencies. Key challenges include vanishing gradients over long sequences (addressed by LSTMs via forget, input, and output gates), training instability (gradient clipping), and computational inefficiency due to sequential processing. Bidirectional RNNs capture both forward and backward context, while encoder-decoder architectures enable sequence-to-sequence tasks. Despite being largely superseded by Transformers for NLP, RNNs remain relevant for time-series modeling, speech, and resource-constrained edge deployments.",Apply,"A hedge fund uses LSTM networks to model intraday trading patterns across correlated currency pairs, capturing temporal dependencies across multiple time horizons for high-frequency signal generation.","Given this deployment scenario, outline the complete preprocessing pipeline, feature engineering strategy, and hyperparameter configuration required to deploy Recurrent Neural Networks as a production-grade component within this system."
Recurrent Neural Networks,"Recurrent Neural Networks (RNNs) and their gated variants (LSTM, GRU) model sequential data by maintaining hidden state across time steps, enabling capture of temporal dependencies. Key challenges include vanishing gradients over long sequences (addressed by LSTMs via forget, input, and output gates), training instability (gradient clipping), and computational inefficiency due to sequential processing. Bidirectional RNNs capture both forward and backward context, while encoder-decoder architectures enable sequence-to-sequence tasks. Despite being largely superseded by Transformers for NLP, RNNs remain relevant for time-series modeling, speech, and resource-constrained edge deployments.",Apply,"A predictive maintenance company trains RNN models on multivariate sensor time series from jet engines to predict remaining useful life, enabling condition-based overhaul scheduling for airlines.","A team inherits a legacy enterprise system using Recurrent Neural Networks with significant technical debt. Describe the concrete implementation steps to refactor the pipeline for improved reliability, latency, and maintainability."
Recurrent Neural Networks,"Recurrent Neural Networks (RNNs) and their gated variants (LSTM, GRU) model sequential data by maintaining hidden state across time steps, enabling capture of temporal dependencies. Key challenges include vanishing gradients over long sequences (addressed by LSTMs via forget, input, and output gates), training instability (gradient clipping), and computational inefficiency due to sequential processing. Bidirectional RNNs capture both forward and backward context, while encoder-decoder architectures enable sequence-to-sequence tasks. Despite being largely superseded by Transformers for NLP, RNNs remain relevant for time-series modeling, speech, and resource-constrained edge deployments.",Apply,"A real-time patient monitoring system uses LSTM networks to detect precursors of septic shock from continuous ICU vital sign streams, triggering early intervention protocols.","Implement a validation framework for Recurrent Neural Networks in this deployment scenario context, specifying the exact metrics, thresholds, and data split strategies appropriate for the operational constraints and risk profile of this application."
Recurrent Neural Networks,"Recurrent Neural Networks (RNNs) and their gated variants (LSTM, GRU) model sequential data by maintaining hidden state across time steps, enabling capture of temporal dependencies. Key challenges include vanishing gradients over long sequences (addressed by LSTMs via forget, input, and output gates), training instability (gradient clipping), and computational inefficiency due to sequential processing. Bidirectional RNNs capture both forward and backward context, while encoder-decoder architectures enable sequence-to-sequence tasks. Despite being largely superseded by Transformers for NLP, RNNs remain relevant for time-series modeling, speech, and resource-constrained edge deployments.",Apply,"A speech-to-text engine for rare African languages uses bidirectional RNNs trained on sparse data, requiring robust handling of code-switching and dialectal variation in low-resource settings.","Considering this deployment scenario, detail the end-to-end inference pipeline design for Recurrent Neural Networks, including feature serving, model versioning, monitoring hooks, and fallback mechanisms for production deployment."
Recurrent Neural Networks,"Recurrent Neural Networks (RNNs) and their gated variants (LSTM, GRU) model sequential data by maintaining hidden state across time steps, enabling capture of temporal dependencies. Key challenges include vanishing gradients over long sequences (addressed by LSTMs via forget, input, and output gates), training instability (gradient clipping), and computational inefficiency due to sequential processing. Bidirectional RNNs capture both forward and backward context, while encoder-decoder architectures enable sequence-to-sequence tasks. Despite being largely superseded by Transformers for NLP, RNNs remain relevant for time-series modeling, speech, and resource-constrained edge deployments.",Analyze,"A hedge fund uses LSTM networks to model intraday trading patterns across correlated currency pairs, capturing temporal dependencies across multiple time horizons for high-frequency signal generation.","In this deployment scenario, the Recurrent Neural Networks model begins exhibiting significant performance degradation six months after deployment. Conduct a systematic diagnostic analysis identifying the most probable root causes and distinguishing between data drift, concept drift, and model decay hypotheses."
Recurrent Neural Networks,"Recurrent Neural Networks (RNNs) and their gated variants (LSTM, GRU) model sequential data by maintaining hidden state across time steps, enabling capture of temporal dependencies. Key challenges include vanishing gradients over long sequences (addressed by LSTMs via forget, input, and output gates), training instability (gradient clipping), and computational inefficiency due to sequential processing. Bidirectional RNNs capture both forward and backward context, while encoder-decoder architectures enable sequence-to-sequence tasks. Despite being largely superseded by Transformers for NLP, RNNs remain relevant for time-series modeling, speech, and resource-constrained edge deployments.",Analyze,"A predictive maintenance company trains RNN models on multivariate sensor time series from jet engines to predict remaining useful life, enabling condition-based overhaul scheduling for airlines.","Critically compare the architectural trade-offs between Recurrent Neural Networks and two alternative algorithmic families for this deployment scenario use case, analyzing computational complexity, interpretability requirements, uncertainty quantification capacity, and regulatory compliance constraints."
Recurrent Neural Networks,"Recurrent Neural Networks (RNNs) and their gated variants (LSTM, GRU) model sequential data by maintaining hidden state across time steps, enabling capture of temporal dependencies. Key challenges include vanishing gradients over long sequences (addressed by LSTMs via forget, input, and output gates), training instability (gradient clipping), and computational inefficiency due to sequential processing. Bidirectional RNNs capture both forward and backward context, while encoder-decoder architectures enable sequence-to-sequence tasks. Despite being largely superseded by Transformers for NLP, RNNs remain relevant for time-series modeling, speech, and resource-constrained edge deployments.",Analyze,"A real-time patient monitoring system uses LSTM networks to detect precursors of septic shock from continuous ICU vital sign streams, triggering early intervention protocols.","Decompose the potential failure modes of Recurrent Neural Networks in this deployment scenario context into data-quality failures, distributional shift failures, model specification failures, and deployment infrastructure failures, and analyze the downstream business and safety consequences of each."
Recurrent Neural Networks,"Recurrent Neural Networks (RNNs) and their gated variants (LSTM, GRU) model sequential data by maintaining hidden state across time steps, enabling capture of temporal dependencies. Key challenges include vanishing gradients over long sequences (addressed by LSTMs via forget, input, and output gates), training instability (gradient clipping), and computational inefficiency due to sequential processing. Bidirectional RNNs capture both forward and backward context, while encoder-decoder architectures enable sequence-to-sequence tasks. Despite being largely superseded by Transformers for NLP, RNNs remain relevant for time-series modeling, speech, and resource-constrained edge deployments.",Analyze,"A speech-to-text engine for rare African languages uses bidirectional RNNs trained on sparse data, requiring robust handling of code-switching and dialectal variation in low-resource settings.","Examine the interaction effects between Recurrent Neural Networks's core assumptions and the specific data-generating process in this context, identifying which assumption violations are benign, which are correctable, and which would fundamentally invalidate the modeling approach."
Recurrent Neural Networks,"Recurrent Neural Networks (RNNs) and their gated variants (LSTM, GRU) model sequential data by maintaining hidden state across time steps, enabling capture of temporal dependencies. Key challenges include vanishing gradients over long sequences (addressed by LSTMs via forget, input, and output gates), training instability (gradient clipping), and computational inefficiency due to sequential processing. Bidirectional RNNs capture both forward and backward context, while encoder-decoder architectures enable sequence-to-sequence tasks. Despite being largely superseded by Transformers for NLP, RNNs remain relevant for time-series modeling, speech, and resource-constrained edge deployments.",Evaluate,"A hedge fund uses LSTM networks to model intraday trading patterns across correlated currency pairs, capturing temporal dependencies across multiple time horizons for high-frequency signal generation.","In this deployment scenario, multiple ML teams are advocating for Recurrent Neural Networks as the production system. Formulate a rigorous evaluation framework that quantifies not only predictive performance but also business value, operational risk, fairness, interpretability, and total cost of ownership."
Recurrent Neural Networks,"Recurrent Neural Networks (RNNs) and their gated variants (LSTM, GRU) model sequential data by maintaining hidden state across time steps, enabling capture of temporal dependencies. Key challenges include vanishing gradients over long sequences (addressed by LSTMs via forget, input, and output gates), training instability (gradient clipping), and computational inefficiency due to sequential processing. Bidirectional RNNs capture both forward and backward context, while encoder-decoder architectures enable sequence-to-sequence tasks. Despite being largely superseded by Transformers for NLP, RNNs remain relevant for time-series modeling, speech, and resource-constrained edge deployments.",Evaluate,"A predictive maintenance company trains RNN models on multivariate sensor time series from jet engines to predict remaining useful life, enabling condition-based overhaul scheduling for airlines.","Critically assess the deployment readiness of a Recurrent Neural Networks model in this deployment scenario context, evaluating the model's robustness to adversarial inputs, its calibration quality, its behavior under distribution shift, and the adequacy of its monitoring instrumentation."
Recurrent Neural Networks,"Recurrent Neural Networks (RNNs) and their gated variants (LSTM, GRU) model sequential data by maintaining hidden state across time steps, enabling capture of temporal dependencies. Key challenges include vanishing gradients over long sequences (addressed by LSTMs via forget, input, and output gates), training instability (gradient clipping), and computational inefficiency due to sequential processing. Bidirectional RNNs capture both forward and backward context, while encoder-decoder architectures enable sequence-to-sequence tasks. Despite being largely superseded by Transformers for NLP, RNNs remain relevant for time-series modeling, speech, and resource-constrained edge deployments.",Evaluate,"A real-time patient monitoring system uses LSTM networks to detect precursors of septic shock from continuous ICU vital sign streams, triggering early intervention protocols.","A regulatory body is reviewing the use of Recurrent Neural Networks in this context. Argue for or against the model's fitness for purpose, substantiating your position with specific evidence criteria, acceptable risk thresholds, and the consequences of both Type I and Type II decision errors."
Recurrent Neural Networks,"Recurrent Neural Networks (RNNs) and their gated variants (LSTM, GRU) model sequential data by maintaining hidden state across time steps, enabling capture of temporal dependencies. Key challenges include vanishing gradients over long sequences (addressed by LSTMs via forget, input, and output gates), training instability (gradient clipping), and computational inefficiency due to sequential processing. Bidirectional RNNs capture both forward and backward context, while encoder-decoder architectures enable sequence-to-sequence tasks. Despite being largely superseded by Transformers for NLP, RNNs remain relevant for time-series modeling, speech, and resource-constrained edge deployments.",Evaluate,"A speech-to-text engine for rare African languages uses bidirectional RNNs trained on sparse data, requiring robust handling of code-switching and dialectal variation in low-resource settings.","Evaluate the long-term sustainability of a Recurrent Neural Networks-based solution for this use case, considering model decay trajectories, retraining cost structures, data governance requirements, and the ethical implications of scaled automated decision-making in this domain."
Recurrent Neural Networks,"Recurrent Neural Networks (RNNs) and their gated variants (LSTM, GRU) model sequential data by maintaining hidden state across time steps, enabling capture of temporal dependencies. Key challenges include vanishing gradients over long sequences (addressed by LSTMs via forget, input, and output gates), training instability (gradient clipping), and computational inefficiency due to sequential processing. Bidirectional RNNs capture both forward and backward context, while encoder-decoder architectures enable sequence-to-sequence tasks. Despite being largely superseded by Transformers for NLP, RNNs remain relevant for time-series modeling, speech, and resource-constrained edge deployments.",Create,"A hedge fund uses LSTM networks to model intraday trading patterns across correlated currency pairs, capturing temporal dependencies across multiple time horizons for high-frequency signal generation.","Architect a novel ML system for this use case that addresses the key limitations of standard Recurrent Neural Networks implementations, incorporating uncertainty quantification, fairness constraints, concept drift adaptation, and human-in-the-loop oversight mechanisms."
Recurrent Neural Networks,"Recurrent Neural Networks (RNNs) and their gated variants (LSTM, GRU) model sequential data by maintaining hidden state across time steps, enabling capture of temporal dependencies. Key challenges include vanishing gradients over long sequences (addressed by LSTMs via forget, input, and output gates), training instability (gradient clipping), and computational inefficiency due to sequential processing. Bidirectional RNNs capture both forward and backward context, while encoder-decoder architectures enable sequence-to-sequence tasks. Despite being largely superseded by Transformers for NLP, RNNs remain relevant for time-series modeling, speech, and resource-constrained edge deployments.",Create,"A predictive maintenance company trains RNN models on multivariate sensor time series from jet engines to predict remaining useful life, enabling condition-based overhaul scheduling for airlines.","Design a research agenda to advance Recurrent Neural Networks methodology specifically for high-stakes enterprise applications, proposing three novel experimental studies that would yield actionable insights for production practitioners."
Recurrent Neural Networks,"Recurrent Neural Networks (RNNs) and their gated variants (LSTM, GRU) model sequential data by maintaining hidden state across time steps, enabling capture of temporal dependencies. Key challenges include vanishing gradients over long sequences (addressed by LSTMs via forget, input, and output gates), training instability (gradient clipping), and computational inefficiency due to sequential processing. Bidirectional RNNs capture both forward and backward context, while encoder-decoder architectures enable sequence-to-sequence tasks. Despite being largely superseded by Transformers for NLP, RNNs remain relevant for time-series modeling, speech, and resource-constrained edge deployments.",Create,"A real-time patient monitoring system uses LSTM networks to detect precursors of septic shock from continuous ICU vital sign streams, triggering early intervention protocols.","Construct a comprehensive MLOps framework tailored for Recurrent Neural Networks deployment in this context, covering the full model lifecycle: data versioning, experiment tracking, automated retraining triggers, A/B testing infrastructure, and incident response playbooks."
Recurrent Neural Networks,"Recurrent Neural Networks (RNNs) and their gated variants (LSTM, GRU) model sequential data by maintaining hidden state across time steps, enabling capture of temporal dependencies. Key challenges include vanishing gradients over long sequences (addressed by LSTMs via forget, input, and output gates), training instability (gradient clipping), and computational inefficiency due to sequential processing. Bidirectional RNNs capture both forward and backward context, while encoder-decoder architectures enable sequence-to-sequence tasks. Despite being largely superseded by Transformers for NLP, RNNs remain relevant for time-series modeling, speech, and resource-constrained edge deployments.",Create,"A speech-to-text engine for rare African languages uses bidirectional RNNs trained on sparse data, requiring robust handling of code-switching and dialectal variation in low-resource settings.","Formulate a hybrid modeling strategy that combines Recurrent Neural Networks with complementary methods to overcome its core weaknesses in this context, specifying the technical integration architecture, the decision boundaries between model components, and the validation protocol for the composite system."
Natural Language Processing,"Natural Language Processing (NLP) encompasses computational methods for understanding, generating, and transforming human language. Core tasks include tokenization, POS tagging, named entity recognition, dependency parsing, coreference resolution, sentiment analysis, text classification, machine translation, and question answering. The field has been transformed by the Transformer architecture and large pre-trained language models (BERT, GPT, T5, LLaMA), which enable transfer learning from massive corpora. Critical challenges include handling linguistic ambiguity, low-resource languages, domain shift, hallucination in generative models, and fairness/bias in trained representations.",Remember,A legal technology company must extract and classify clause types from thousands of commercial contracts to identify non-standard indemnification language that exposes clients to material legal risk.,"In the context of deploying Natural Language Processing within enterprise, enumerate the fundamental mathematical assumptions and algorithmic constraints that must be verified prior to model selection."
Natural Language Processing,"Natural Language Processing (NLP) encompasses computational methods for understanding, generating, and transforming human language. Core tasks include tokenization, POS tagging, named entity recognition, dependency parsing, coreference resolution, sentiment analysis, text classification, machine translation, and question answering. The field has been transformed by the Transformer architecture and large pre-trained language models (BERT, GPT, T5, LLaMA), which enable transfer learning from massive corpora. Critical challenges include handling linguistic ambiguity, low-resource languages, domain shift, hallucination in generative models, and fairness/bias in trained representations.",Remember,A global pharmaceutical company builds an NLP pipeline to extract adverse drug event mentions from multilingual social media and patient forums for pharmacovigilance signal detection.,"A data science team onboarding to a pharmaceutical project requests a comprehensive taxonomy of the core components, parameters, and operational boundaries that define Natural Language Processing."
Natural Language Processing,"Natural Language Processing (NLP) encompasses computational methods for understanding, generating, and transforming human language. Core tasks include tokenization, POS tagging, named entity recognition, dependency parsing, coreference resolution, sentiment analysis, text classification, machine translation, and question answering. The field has been transformed by the Transformer architecture and large pre-trained language models (BERT, GPT, T5, LLaMA), which enable transfer learning from massive corpora. Critical challenges include handling linguistic ambiguity, low-resource languages, domain shift, hallucination in generative models, and fairness/bias in trained representations.",Remember,"A recruitment platform's fairness team audits NLP models for gender and racial bias in job description generation, requiring the system to satisfy demographic parity constraints across protected groups.","Within the regulatory documentation for a enterprise system, specify the defining characteristics of Natural Language Processing that distinguish it from adjacent methodological approaches."
Natural Language Processing,"Natural Language Processing (NLP) encompasses computational methods for understanding, generating, and transforming human language. Core tasks include tokenization, POS tagging, named entity recognition, dependency parsing, coreference resolution, sentiment analysis, text classification, machine translation, and question answering. The field has been transformed by the Transformer architecture and large pre-trained language models (BERT, GPT, T5, LLaMA), which enable transfer learning from massive corpora. Critical challenges include handling linguistic ambiguity, low-resource languages, domain shift, hallucination in generative models, and fairness/bias in trained representations.",Remember,A central bank deploys NLP models to perform real-time sentiment analysis of FOMC meeting minutes and congressional testimony to predict near-term market volatility shifts.,Catalogue the essential computational and statistical prerequisites that must be satisfied before Natural Language Processing can be validly applied within a enterprise operational context.
Natural Language Processing,"Natural Language Processing (NLP) encompasses computational methods for understanding, generating, and transforming human language. Core tasks include tokenization, POS tagging, named entity recognition, dependency parsing, coreference resolution, sentiment analysis, text classification, machine translation, and question answering. The field has been transformed by the Transformer architecture and large pre-trained language models (BERT, GPT, T5, LLaMA), which enable transfer learning from massive corpora. Critical challenges include handling linguistic ambiguity, low-resource languages, domain shift, hallucination in generative models, and fairness/bias in trained representations.",Understand,A legal technology company must extract and classify clause types from thousands of commercial contracts to identify non-standard indemnification language that exposes clients to material legal risk.,"Articulate in precise technical terms how the core learning mechanism of Natural Language Processing operates under the distributional assumptions present in enterprise data, specifically addressing what occurs when those assumptions are violated."
Natural Language Processing,"Natural Language Processing (NLP) encompasses computational methods for understanding, generating, and transforming human language. Core tasks include tokenization, POS tagging, named entity recognition, dependency parsing, coreference resolution, sentiment analysis, text classification, machine translation, and question answering. The field has been transformed by the Transformer architecture and large pre-trained language models (BERT, GPT, T5, LLaMA), which enable transfer learning from massive corpora. Critical challenges include handling linguistic ambiguity, low-resource languages, domain shift, hallucination in generative models, and fairness/bias in trained representations.",Understand,A global pharmaceutical company builds an NLP pipeline to extract adverse drug event mentions from multilingual social media and patient forums for pharmacovigilance signal detection.,A senior ML engineer must brief a cross-functional product team on why Natural Language Processing exhibits particular failure modes in pharmaceutical applications — explain the underlying statistical rationale for these limitations.
Natural Language Processing,"Natural Language Processing (NLP) encompasses computational methods for understanding, generating, and transforming human language. Core tasks include tokenization, POS tagging, named entity recognition, dependency parsing, coreference resolution, sentiment analysis, text classification, machine translation, and question answering. The field has been transformed by the Transformer architecture and large pre-trained language models (BERT, GPT, T5, LLaMA), which enable transfer learning from massive corpora. Critical challenges include handling linguistic ambiguity, low-resource languages, domain shift, hallucination in generative models, and fairness/bias in trained representations.",Understand,"A recruitment platform's fairness team audits NLP models for gender and racial bias in job description generation, requiring the system to satisfy demographic parity constraints across protected groups.",Construct a conceptual explanation that differentiates the theoretical generalization behavior of Natural Language Processing from its empirical performance characteristics when deployed in a high-stakes enterprise pipeline.
Natural Language Processing,"Natural Language Processing (NLP) encompasses computational methods for understanding, generating, and transforming human language. Core tasks include tokenization, POS tagging, named entity recognition, dependency parsing, coreference resolution, sentiment analysis, text classification, machine translation, and question answering. The field has been transformed by the Transformer architecture and large pre-trained language models (BERT, GPT, T5, LLaMA), which enable transfer learning from massive corpora. Critical challenges include handling linguistic ambiguity, low-resource languages, domain shift, hallucination in generative models, and fairness/bias in trained representations.",Understand,A central bank deploys NLP models to perform real-time sentiment analysis of FOMC meeting minutes and congressional testimony to predict near-term market volatility shifts.,Interpret the mathematical intuition behind Natural Language Processing's core optimization objective and explain how deviations in enterprise data quality would propagate through the model's internal representations.
Natural Language Processing,"Natural Language Processing (NLP) encompasses computational methods for understanding, generating, and transforming human language. Core tasks include tokenization, POS tagging, named entity recognition, dependency parsing, coreference resolution, sentiment analysis, text classification, machine translation, and question answering. The field has been transformed by the Transformer architecture and large pre-trained language models (BERT, GPT, T5, LLaMA), which enable transfer learning from massive corpora. Critical challenges include handling linguistic ambiguity, low-resource languages, domain shift, hallucination in generative models, and fairness/bias in trained representations.",Apply,A legal technology company must extract and classify clause types from thousands of commercial contracts to identify non-standard indemnification language that exposes clients to material legal risk.,"Given this deployment scenario, outline the complete preprocessing pipeline, feature engineering strategy, and hyperparameter configuration required to deploy Natural Language Processing as a production-grade component within this system."
Natural Language Processing,"Natural Language Processing (NLP) encompasses computational methods for understanding, generating, and transforming human language. Core tasks include tokenization, POS tagging, named entity recognition, dependency parsing, coreference resolution, sentiment analysis, text classification, machine translation, and question answering. The field has been transformed by the Transformer architecture and large pre-trained language models (BERT, GPT, T5, LLaMA), which enable transfer learning from massive corpora. Critical challenges include handling linguistic ambiguity, low-resource languages, domain shift, hallucination in generative models, and fairness/bias in trained representations.",Apply,A global pharmaceutical company builds an NLP pipeline to extract adverse drug event mentions from multilingual social media and patient forums for pharmacovigilance signal detection.,"A team inherits a legacy pharmaceutical system using Natural Language Processing with significant technical debt. Describe the concrete implementation steps to refactor the pipeline for improved reliability, latency, and maintainability."
Natural Language Processing,"Natural Language Processing (NLP) encompasses computational methods for understanding, generating, and transforming human language. Core tasks include tokenization, POS tagging, named entity recognition, dependency parsing, coreference resolution, sentiment analysis, text classification, machine translation, and question answering. The field has been transformed by the Transformer architecture and large pre-trained language models (BERT, GPT, T5, LLaMA), which enable transfer learning from massive corpora. Critical challenges include handling linguistic ambiguity, low-resource languages, domain shift, hallucination in generative models, and fairness/bias in trained representations.",Apply,"A recruitment platform's fairness team audits NLP models for gender and racial bias in job description generation, requiring the system to satisfy demographic parity constraints across protected groups.","Implement a validation framework for Natural Language Processing in this deployment scenario context, specifying the exact metrics, thresholds, and data split strategies appropriate for the operational constraints and risk profile of this application."
Natural Language Processing,"Natural Language Processing (NLP) encompasses computational methods for understanding, generating, and transforming human language. Core tasks include tokenization, POS tagging, named entity recognition, dependency parsing, coreference resolution, sentiment analysis, text classification, machine translation, and question answering. The field has been transformed by the Transformer architecture and large pre-trained language models (BERT, GPT, T5, LLaMA), which enable transfer learning from massive corpora. Critical challenges include handling linguistic ambiguity, low-resource languages, domain shift, hallucination in generative models, and fairness/bias in trained representations.",Apply,A central bank deploys NLP models to perform real-time sentiment analysis of FOMC meeting minutes and congressional testimony to predict near-term market volatility shifts.,"Considering this deployment scenario, detail the end-to-end inference pipeline design for Natural Language Processing, including feature serving, model versioning, monitoring hooks, and fallback mechanisms for production deployment."
Natural Language Processing,"Natural Language Processing (NLP) encompasses computational methods for understanding, generating, and transforming human language. Core tasks include tokenization, POS tagging, named entity recognition, dependency parsing, coreference resolution, sentiment analysis, text classification, machine translation, and question answering. The field has been transformed by the Transformer architecture and large pre-trained language models (BERT, GPT, T5, LLaMA), which enable transfer learning from massive corpora. Critical challenges include handling linguistic ambiguity, low-resource languages, domain shift, hallucination in generative models, and fairness/bias in trained representations.",Analyze,A legal technology company must extract and classify clause types from thousands of commercial contracts to identify non-standard indemnification language that exposes clients to material legal risk.,"In this deployment scenario, the Natural Language Processing model begins exhibiting significant performance degradation six months after deployment. Conduct a systematic diagnostic analysis identifying the most probable root causes and distinguishing between data drift, concept drift, and model decay hypotheses."
Natural Language Processing,"Natural Language Processing (NLP) encompasses computational methods for understanding, generating, and transforming human language. Core tasks include tokenization, POS tagging, named entity recognition, dependency parsing, coreference resolution, sentiment analysis, text classification, machine translation, and question answering. The field has been transformed by the Transformer architecture and large pre-trained language models (BERT, GPT, T5, LLaMA), which enable transfer learning from massive corpora. Critical challenges include handling linguistic ambiguity, low-resource languages, domain shift, hallucination in generative models, and fairness/bias in trained representations.",Analyze,A global pharmaceutical company builds an NLP pipeline to extract adverse drug event mentions from multilingual social media and patient forums for pharmacovigilance signal detection.,"Critically compare the architectural trade-offs between Natural Language Processing and two alternative algorithmic families for this deployment scenario use case, analyzing computational complexity, interpretability requirements, uncertainty quantification capacity, and regulatory compliance constraints."
Natural Language Processing,"Natural Language Processing (NLP) encompasses computational methods for understanding, generating, and transforming human language. Core tasks include tokenization, POS tagging, named entity recognition, dependency parsing, coreference resolution, sentiment analysis, text classification, machine translation, and question answering. The field has been transformed by the Transformer architecture and large pre-trained language models (BERT, GPT, T5, LLaMA), which enable transfer learning from massive corpora. Critical challenges include handling linguistic ambiguity, low-resource languages, domain shift, hallucination in generative models, and fairness/bias in trained representations.",Analyze,"A recruitment platform's fairness team audits NLP models for gender and racial bias in job description generation, requiring the system to satisfy demographic parity constraints across protected groups.","Decompose the potential failure modes of Natural Language Processing in this deployment scenario context into data-quality failures, distributional shift failures, model specification failures, and deployment infrastructure failures, and analyze the downstream business and safety consequences of each."
Natural Language Processing,"Natural Language Processing (NLP) encompasses computational methods for understanding, generating, and transforming human language. Core tasks include tokenization, POS tagging, named entity recognition, dependency parsing, coreference resolution, sentiment analysis, text classification, machine translation, and question answering. The field has been transformed by the Transformer architecture and large pre-trained language models (BERT, GPT, T5, LLaMA), which enable transfer learning from massive corpora. Critical challenges include handling linguistic ambiguity, low-resource languages, domain shift, hallucination in generative models, and fairness/bias in trained representations.",Analyze,A central bank deploys NLP models to perform real-time sentiment analysis of FOMC meeting minutes and congressional testimony to predict near-term market volatility shifts.,"Examine the interaction effects between Natural Language Processing's core assumptions and the specific data-generating process in this context, identifying which assumption violations are benign, which are correctable, and which would fundamentally invalidate the modeling approach."
Natural Language Processing,"Natural Language Processing (NLP) encompasses computational methods for understanding, generating, and transforming human language. Core tasks include tokenization, POS tagging, named entity recognition, dependency parsing, coreference resolution, sentiment analysis, text classification, machine translation, and question answering. The field has been transformed by the Transformer architecture and large pre-trained language models (BERT, GPT, T5, LLaMA), which enable transfer learning from massive corpora. Critical challenges include handling linguistic ambiguity, low-resource languages, domain shift, hallucination in generative models, and fairness/bias in trained representations.",Evaluate,A legal technology company must extract and classify clause types from thousands of commercial contracts to identify non-standard indemnification language that exposes clients to material legal risk.,"In this deployment scenario, multiple ML teams are advocating for Natural Language Processing as the production system. Formulate a rigorous evaluation framework that quantifies not only predictive performance but also business value, operational risk, fairness, interpretability, and total cost of ownership."
Natural Language Processing,"Natural Language Processing (NLP) encompasses computational methods for understanding, generating, and transforming human language. Core tasks include tokenization, POS tagging, named entity recognition, dependency parsing, coreference resolution, sentiment analysis, text classification, machine translation, and question answering. The field has been transformed by the Transformer architecture and large pre-trained language models (BERT, GPT, T5, LLaMA), which enable transfer learning from massive corpora. Critical challenges include handling linguistic ambiguity, low-resource languages, domain shift, hallucination in generative models, and fairness/bias in trained representations.",Evaluate,A global pharmaceutical company builds an NLP pipeline to extract adverse drug event mentions from multilingual social media and patient forums for pharmacovigilance signal detection.,"Critically assess the deployment readiness of a Natural Language Processing model in this deployment scenario context, evaluating the model's robustness to adversarial inputs, its calibration quality, its behavior under distribution shift, and the adequacy of its monitoring instrumentation."
Natural Language Processing,"Natural Language Processing (NLP) encompasses computational methods for understanding, generating, and transforming human language. Core tasks include tokenization, POS tagging, named entity recognition, dependency parsing, coreference resolution, sentiment analysis, text classification, machine translation, and question answering. The field has been transformed by the Transformer architecture and large pre-trained language models (BERT, GPT, T5, LLaMA), which enable transfer learning from massive corpora. Critical challenges include handling linguistic ambiguity, low-resource languages, domain shift, hallucination in generative models, and fairness/bias in trained representations.",Evaluate,"A recruitment platform's fairness team audits NLP models for gender and racial bias in job description generation, requiring the system to satisfy demographic parity constraints across protected groups.","A regulatory body is reviewing the use of Natural Language Processing in this context. Argue for or against the model's fitness for purpose, substantiating your position with specific evidence criteria, acceptable risk thresholds, and the consequences of both Type I and Type II decision errors."
Natural Language Processing,"Natural Language Processing (NLP) encompasses computational methods for understanding, generating, and transforming human language. Core tasks include tokenization, POS tagging, named entity recognition, dependency parsing, coreference resolution, sentiment analysis, text classification, machine translation, and question answering. The field has been transformed by the Transformer architecture and large pre-trained language models (BERT, GPT, T5, LLaMA), which enable transfer learning from massive corpora. Critical challenges include handling linguistic ambiguity, low-resource languages, domain shift, hallucination in generative models, and fairness/bias in trained representations.",Evaluate,A central bank deploys NLP models to perform real-time sentiment analysis of FOMC meeting minutes and congressional testimony to predict near-term market volatility shifts.,"Evaluate the long-term sustainability of a Natural Language Processing-based solution for this use case, considering model decay trajectories, retraining cost structures, data governance requirements, and the ethical implications of scaled automated decision-making in this domain."
Natural Language Processing,"Natural Language Processing (NLP) encompasses computational methods for understanding, generating, and transforming human language. Core tasks include tokenization, POS tagging, named entity recognition, dependency parsing, coreference resolution, sentiment analysis, text classification, machine translation, and question answering. The field has been transformed by the Transformer architecture and large pre-trained language models (BERT, GPT, T5, LLaMA), which enable transfer learning from massive corpora. Critical challenges include handling linguistic ambiguity, low-resource languages, domain shift, hallucination in generative models, and fairness/bias in trained representations.",Create,A legal technology company must extract and classify clause types from thousands of commercial contracts to identify non-standard indemnification language that exposes clients to material legal risk.,"Architect a novel ML system for this use case that addresses the key limitations of standard Natural Language Processing implementations, incorporating uncertainty quantification, fairness constraints, concept drift adaptation, and human-in-the-loop oversight mechanisms."
Natural Language Processing,"Natural Language Processing (NLP) encompasses computational methods for understanding, generating, and transforming human language. Core tasks include tokenization, POS tagging, named entity recognition, dependency parsing, coreference resolution, sentiment analysis, text classification, machine translation, and question answering. The field has been transformed by the Transformer architecture and large pre-trained language models (BERT, GPT, T5, LLaMA), which enable transfer learning from massive corpora. Critical challenges include handling linguistic ambiguity, low-resource languages, domain shift, hallucination in generative models, and fairness/bias in trained representations.",Create,A global pharmaceutical company builds an NLP pipeline to extract adverse drug event mentions from multilingual social media and patient forums for pharmacovigilance signal detection.,"Design a research agenda to advance Natural Language Processing methodology specifically for high-stakes pharmaceutical applications, proposing three novel experimental studies that would yield actionable insights for production practitioners."
Natural Language Processing,"Natural Language Processing (NLP) encompasses computational methods for understanding, generating, and transforming human language. Core tasks include tokenization, POS tagging, named entity recognition, dependency parsing, coreference resolution, sentiment analysis, text classification, machine translation, and question answering. The field has been transformed by the Transformer architecture and large pre-trained language models (BERT, GPT, T5, LLaMA), which enable transfer learning from massive corpora. Critical challenges include handling linguistic ambiguity, low-resource languages, domain shift, hallucination in generative models, and fairness/bias in trained representations.",Create,"A recruitment platform's fairness team audits NLP models for gender and racial bias in job description generation, requiring the system to satisfy demographic parity constraints across protected groups.","Construct a comprehensive MLOps framework tailored for Natural Language Processing deployment in this context, covering the full model lifecycle: data versioning, experiment tracking, automated retraining triggers, A/B testing infrastructure, and incident response playbooks."
Natural Language Processing,"Natural Language Processing (NLP) encompasses computational methods for understanding, generating, and transforming human language. Core tasks include tokenization, POS tagging, named entity recognition, dependency parsing, coreference resolution, sentiment analysis, text classification, machine translation, and question answering. The field has been transformed by the Transformer architecture and large pre-trained language models (BERT, GPT, T5, LLaMA), which enable transfer learning from massive corpora. Critical challenges include handling linguistic ambiguity, low-resource languages, domain shift, hallucination in generative models, and fairness/bias in trained representations.",Create,A central bank deploys NLP models to perform real-time sentiment analysis of FOMC meeting minutes and congressional testimony to predict near-term market volatility shifts.,"Formulate a hybrid modeling strategy that combines Natural Language Processing with complementary methods to overcome its core weaknesses in this context, specifying the technical integration architecture, the decision boundaries between model components, and the validation protocol for the composite system."
Deep Learning,"Deep Learning refers to the use of multi-layered neural architectures trained on large datasets to learn hierarchical representations. Breakthroughs in GPU computing, large-scale datasets, and architectural innovations (Transformers, attention mechanisms, residual connections, normalization layers) have enabled superhuman performance across vision, language, speech, and scientific domains. Core challenges include data efficiency, interpretability, robustness to distribution shift and adversarial examples, computational cost, and catastrophic forgetting in continual learning settings. Deep learning research and deployment increasingly intersect with questions of safety, alignment, and societal impact.",Remember,"A nuclear fusion research lab uses deep learning surrogate models to emulate plasma behavior simulations that would otherwise require weeks of supercomputing time, accelerating parameter search.","In the context of deploying Deep Learning within enterprise, enumerate the fundamental mathematical assumptions and algorithmic constraints that must be verified prior to model selection."
Deep Learning,"Deep Learning refers to the use of multi-layered neural architectures trained on large datasets to learn hierarchical representations. Breakthroughs in GPU computing, large-scale datasets, and architectural innovations (Transformers, attention mechanisms, residual connections, normalization layers) have enabled superhuman performance across vision, language, speech, and scientific domains. Core challenges include data efficiency, interpretability, robustness to distribution shift and adversarial examples, computational cost, and catastrophic forgetting in continual learning settings. Deep learning research and deployment increasingly intersect with questions of safety, alignment, and societal impact.",Remember,"A global reinsurance company builds deep learning models on catastrophic event data (flood, earthquake, wildfire) to price tail-risk insurance products that traditional actuarial models cannot adequately capture.","A data science team onboarding to a enterprise project requests a comprehensive taxonomy of the core components, parameters, and operational boundaries that define Deep Learning."
Deep Learning,"Deep Learning refers to the use of multi-layered neural architectures trained on large datasets to learn hierarchical representations. Breakthroughs in GPU computing, large-scale datasets, and architectural innovations (Transformers, attention mechanisms, residual connections, normalization layers) have enabled superhuman performance across vision, language, speech, and scientific domains. Core challenges include data efficiency, interpretability, robustness to distribution shift and adversarial examples, computational cost, and catastrophic forgetting in continual learning settings. Deep learning research and deployment increasingly intersect with questions of safety, alignment, and societal impact.",Remember,A self-driving robotics startup faces the sim-to-real transfer problem: deep learning models trained in simulation degrade in real-world deployment due to domain shift in lighting and surface textures.,"Within the regulatory documentation for a enterprise system, specify the defining characteristics of Deep Learning that distinguish it from adjacent methodological approaches."
Deep Learning,"Deep Learning refers to the use of multi-layered neural architectures trained on large datasets to learn hierarchical representations. Breakthroughs in GPU computing, large-scale datasets, and architectural innovations (Transformers, attention mechanisms, residual connections, normalization layers) have enabled superhuman performance across vision, language, speech, and scientific domains. Core challenges include data efficiency, interpretability, robustness to distribution shift and adversarial examples, computational cost, and catastrophic forgetting in continual learning settings. Deep learning research and deployment increasingly intersect with questions of safety, alignment, and societal impact.",Remember,"An AI-powered drug discovery platform uses deep learning to predict protein-ligand binding affinity across a virtual library of 10 billion compounds, prioritizing molecules for wet-lab synthesis.",Catalogue the essential computational and statistical prerequisites that must be satisfied before Deep Learning can be validly applied within a enterprise operational context.
Deep Learning,"Deep Learning refers to the use of multi-layered neural architectures trained on large datasets to learn hierarchical representations. Breakthroughs in GPU computing, large-scale datasets, and architectural innovations (Transformers, attention mechanisms, residual connections, normalization layers) have enabled superhuman performance across vision, language, speech, and scientific domains. Core challenges include data efficiency, interpretability, robustness to distribution shift and adversarial examples, computational cost, and catastrophic forgetting in continual learning settings. Deep learning research and deployment increasingly intersect with questions of safety, alignment, and societal impact.",Understand,"A nuclear fusion research lab uses deep learning surrogate models to emulate plasma behavior simulations that would otherwise require weeks of supercomputing time, accelerating parameter search.","Articulate in precise technical terms how the core learning mechanism of Deep Learning operates under the distributional assumptions present in enterprise data, specifically addressing what occurs when those assumptions are violated."
Deep Learning,"Deep Learning refers to the use of multi-layered neural architectures trained on large datasets to learn hierarchical representations. Breakthroughs in GPU computing, large-scale datasets, and architectural innovations (Transformers, attention mechanisms, residual connections, normalization layers) have enabled superhuman performance across vision, language, speech, and scientific domains. Core challenges include data efficiency, interpretability, robustness to distribution shift and adversarial examples, computational cost, and catastrophic forgetting in continual learning settings. Deep learning research and deployment increasingly intersect with questions of safety, alignment, and societal impact.",Understand,"A global reinsurance company builds deep learning models on catastrophic event data (flood, earthquake, wildfire) to price tail-risk insurance products that traditional actuarial models cannot adequately capture.",A senior ML engineer must brief a cross-functional product team on why Deep Learning exhibits particular failure modes in enterprise applications — explain the underlying statistical rationale for these limitations.
Deep Learning,"Deep Learning refers to the use of multi-layered neural architectures trained on large datasets to learn hierarchical representations. Breakthroughs in GPU computing, large-scale datasets, and architectural innovations (Transformers, attention mechanisms, residual connections, normalization layers) have enabled superhuman performance across vision, language, speech, and scientific domains. Core challenges include data efficiency, interpretability, robustness to distribution shift and adversarial examples, computational cost, and catastrophic forgetting in continual learning settings. Deep learning research and deployment increasingly intersect with questions of safety, alignment, and societal impact.",Understand,A self-driving robotics startup faces the sim-to-real transfer problem: deep learning models trained in simulation degrade in real-world deployment due to domain shift in lighting and surface textures.,Construct a conceptual explanation that differentiates the theoretical generalization behavior of Deep Learning from its empirical performance characteristics when deployed in a high-stakes enterprise pipeline.
Deep Learning,"Deep Learning refers to the use of multi-layered neural architectures trained on large datasets to learn hierarchical representations. Breakthroughs in GPU computing, large-scale datasets, and architectural innovations (Transformers, attention mechanisms, residual connections, normalization layers) have enabled superhuman performance across vision, language, speech, and scientific domains. Core challenges include data efficiency, interpretability, robustness to distribution shift and adversarial examples, computational cost, and catastrophic forgetting in continual learning settings. Deep learning research and deployment increasingly intersect with questions of safety, alignment, and societal impact.",Understand,"An AI-powered drug discovery platform uses deep learning to predict protein-ligand binding affinity across a virtual library of 10 billion compounds, prioritizing molecules for wet-lab synthesis.",Interpret the mathematical intuition behind Deep Learning's core optimization objective and explain how deviations in enterprise data quality would propagate through the model's internal representations.
Deep Learning,"Deep Learning refers to the use of multi-layered neural architectures trained on large datasets to learn hierarchical representations. Breakthroughs in GPU computing, large-scale datasets, and architectural innovations (Transformers, attention mechanisms, residual connections, normalization layers) have enabled superhuman performance across vision, language, speech, and scientific domains. Core challenges include data efficiency, interpretability, robustness to distribution shift and adversarial examples, computational cost, and catastrophic forgetting in continual learning settings. Deep learning research and deployment increasingly intersect with questions of safety, alignment, and societal impact.",Apply,"A nuclear fusion research lab uses deep learning surrogate models to emulate plasma behavior simulations that would otherwise require weeks of supercomputing time, accelerating parameter search.","Given this deployment scenario, outline the complete preprocessing pipeline, feature engineering strategy, and hyperparameter configuration required to deploy Deep Learning as a production-grade component within this system."
Deep Learning,"Deep Learning refers to the use of multi-layered neural architectures trained on large datasets to learn hierarchical representations. Breakthroughs in GPU computing, large-scale datasets, and architectural innovations (Transformers, attention mechanisms, residual connections, normalization layers) have enabled superhuman performance across vision, language, speech, and scientific domains. Core challenges include data efficiency, interpretability, robustness to distribution shift and adversarial examples, computational cost, and catastrophic forgetting in continual learning settings. Deep learning research and deployment increasingly intersect with questions of safety, alignment, and societal impact.",Apply,"A global reinsurance company builds deep learning models on catastrophic event data (flood, earthquake, wildfire) to price tail-risk insurance products that traditional actuarial models cannot adequately capture.","A team inherits a legacy enterprise system using Deep Learning with significant technical debt. Describe the concrete implementation steps to refactor the pipeline for improved reliability, latency, and maintainability."
Deep Learning,"Deep Learning refers to the use of multi-layered neural architectures trained on large datasets to learn hierarchical representations. Breakthroughs in GPU computing, large-scale datasets, and architectural innovations (Transformers, attention mechanisms, residual connections, normalization layers) have enabled superhuman performance across vision, language, speech, and scientific domains. Core challenges include data efficiency, interpretability, robustness to distribution shift and adversarial examples, computational cost, and catastrophic forgetting in continual learning settings. Deep learning research and deployment increasingly intersect with questions of safety, alignment, and societal impact.",Apply,A self-driving robotics startup faces the sim-to-real transfer problem: deep learning models trained in simulation degrade in real-world deployment due to domain shift in lighting and surface textures.,"Implement a validation framework for Deep Learning in this deployment scenario context, specifying the exact metrics, thresholds, and data split strategies appropriate for the operational constraints and risk profile of this application."
Deep Learning,"Deep Learning refers to the use of multi-layered neural architectures trained on large datasets to learn hierarchical representations. Breakthroughs in GPU computing, large-scale datasets, and architectural innovations (Transformers, attention mechanisms, residual connections, normalization layers) have enabled superhuman performance across vision, language, speech, and scientific domains. Core challenges include data efficiency, interpretability, robustness to distribution shift and adversarial examples, computational cost, and catastrophic forgetting in continual learning settings. Deep learning research and deployment increasingly intersect with questions of safety, alignment, and societal impact.",Apply,"An AI-powered drug discovery platform uses deep learning to predict protein-ligand binding affinity across a virtual library of 10 billion compounds, prioritizing molecules for wet-lab synthesis.","Considering this deployment scenario, detail the end-to-end inference pipeline design for Deep Learning, including feature serving, model versioning, monitoring hooks, and fallback mechanisms for production deployment."
Deep Learning,"Deep Learning refers to the use of multi-layered neural architectures trained on large datasets to learn hierarchical representations. Breakthroughs in GPU computing, large-scale datasets, and architectural innovations (Transformers, attention mechanisms, residual connections, normalization layers) have enabled superhuman performance across vision, language, speech, and scientific domains. Core challenges include data efficiency, interpretability, robustness to distribution shift and adversarial examples, computational cost, and catastrophic forgetting in continual learning settings. Deep learning research and deployment increasingly intersect with questions of safety, alignment, and societal impact.",Analyze,"A nuclear fusion research lab uses deep learning surrogate models to emulate plasma behavior simulations that would otherwise require weeks of supercomputing time, accelerating parameter search.","In this deployment scenario, the Deep Learning model begins exhibiting significant performance degradation six months after deployment. Conduct a systematic diagnostic analysis identifying the most probable root causes and distinguishing between data drift, concept drift, and model decay hypotheses."
Deep Learning,"Deep Learning refers to the use of multi-layered neural architectures trained on large datasets to learn hierarchical representations. Breakthroughs in GPU computing, large-scale datasets, and architectural innovations (Transformers, attention mechanisms, residual connections, normalization layers) have enabled superhuman performance across vision, language, speech, and scientific domains. Core challenges include data efficiency, interpretability, robustness to distribution shift and adversarial examples, computational cost, and catastrophic forgetting in continual learning settings. Deep learning research and deployment increasingly intersect with questions of safety, alignment, and societal impact.",Analyze,"A global reinsurance company builds deep learning models on catastrophic event data (flood, earthquake, wildfire) to price tail-risk insurance products that traditional actuarial models cannot adequately capture.","Critically compare the architectural trade-offs between Deep Learning and two alternative algorithmic families for this deployment scenario use case, analyzing computational complexity, interpretability requirements, uncertainty quantification capacity, and regulatory compliance constraints."
Deep Learning,"Deep Learning refers to the use of multi-layered neural architectures trained on large datasets to learn hierarchical representations. Breakthroughs in GPU computing, large-scale datasets, and architectural innovations (Transformers, attention mechanisms, residual connections, normalization layers) have enabled superhuman performance across vision, language, speech, and scientific domains. Core challenges include data efficiency, interpretability, robustness to distribution shift and adversarial examples, computational cost, and catastrophic forgetting in continual learning settings. Deep learning research and deployment increasingly intersect with questions of safety, alignment, and societal impact.",Analyze,A self-driving robotics startup faces the sim-to-real transfer problem: deep learning models trained in simulation degrade in real-world deployment due to domain shift in lighting and surface textures.,"Decompose the potential failure modes of Deep Learning in this deployment scenario context into data-quality failures, distributional shift failures, model specification failures, and deployment infrastructure failures, and analyze the downstream business and safety consequences of each."
Deep Learning,"Deep Learning refers to the use of multi-layered neural architectures trained on large datasets to learn hierarchical representations. Breakthroughs in GPU computing, large-scale datasets, and architectural innovations (Transformers, attention mechanisms, residual connections, normalization layers) have enabled superhuman performance across vision, language, speech, and scientific domains. Core challenges include data efficiency, interpretability, robustness to distribution shift and adversarial examples, computational cost, and catastrophic forgetting in continual learning settings. Deep learning research and deployment increasingly intersect with questions of safety, alignment, and societal impact.",Analyze,"An AI-powered drug discovery platform uses deep learning to predict protein-ligand binding affinity across a virtual library of 10 billion compounds, prioritizing molecules for wet-lab synthesis.","Examine the interaction effects between Deep Learning's core assumptions and the specific data-generating process in this context, identifying which assumption violations are benign, which are correctable, and which would fundamentally invalidate the modeling approach."
Deep Learning,"Deep Learning refers to the use of multi-layered neural architectures trained on large datasets to learn hierarchical representations. Breakthroughs in GPU computing, large-scale datasets, and architectural innovations (Transformers, attention mechanisms, residual connections, normalization layers) have enabled superhuman performance across vision, language, speech, and scientific domains. Core challenges include data efficiency, interpretability, robustness to distribution shift and adversarial examples, computational cost, and catastrophic forgetting in continual learning settings. Deep learning research and deployment increasingly intersect with questions of safety, alignment, and societal impact.",Evaluate,"A nuclear fusion research lab uses deep learning surrogate models to emulate plasma behavior simulations that would otherwise require weeks of supercomputing time, accelerating parameter search.","In this deployment scenario, multiple ML teams are advocating for Deep Learning as the production system. Formulate a rigorous evaluation framework that quantifies not only predictive performance but also business value, operational risk, fairness, interpretability, and total cost of ownership."
Deep Learning,"Deep Learning refers to the use of multi-layered neural architectures trained on large datasets to learn hierarchical representations. Breakthroughs in GPU computing, large-scale datasets, and architectural innovations (Transformers, attention mechanisms, residual connections, normalization layers) have enabled superhuman performance across vision, language, speech, and scientific domains. Core challenges include data efficiency, interpretability, robustness to distribution shift and adversarial examples, computational cost, and catastrophic forgetting in continual learning settings. Deep learning research and deployment increasingly intersect with questions of safety, alignment, and societal impact.",Evaluate,"A global reinsurance company builds deep learning models on catastrophic event data (flood, earthquake, wildfire) to price tail-risk insurance products that traditional actuarial models cannot adequately capture.","Critically assess the deployment readiness of a Deep Learning model in this deployment scenario context, evaluating the model's robustness to adversarial inputs, its calibration quality, its behavior under distribution shift, and the adequacy of its monitoring instrumentation."
Deep Learning,"Deep Learning refers to the use of multi-layered neural architectures trained on large datasets to learn hierarchical representations. Breakthroughs in GPU computing, large-scale datasets, and architectural innovations (Transformers, attention mechanisms, residual connections, normalization layers) have enabled superhuman performance across vision, language, speech, and scientific domains. Core challenges include data efficiency, interpretability, robustness to distribution shift and adversarial examples, computational cost, and catastrophic forgetting in continual learning settings. Deep learning research and deployment increasingly intersect with questions of safety, alignment, and societal impact.",Evaluate,A self-driving robotics startup faces the sim-to-real transfer problem: deep learning models trained in simulation degrade in real-world deployment due to domain shift in lighting and surface textures.,"A regulatory body is reviewing the use of Deep Learning in this context. Argue for or against the model's fitness for purpose, substantiating your position with specific evidence criteria, acceptable risk thresholds, and the consequences of both Type I and Type II decision errors."
Deep Learning,"Deep Learning refers to the use of multi-layered neural architectures trained on large datasets to learn hierarchical representations. Breakthroughs in GPU computing, large-scale datasets, and architectural innovations (Transformers, attention mechanisms, residual connections, normalization layers) have enabled superhuman performance across vision, language, speech, and scientific domains. Core challenges include data efficiency, interpretability, robustness to distribution shift and adversarial examples, computational cost, and catastrophic forgetting in continual learning settings. Deep learning research and deployment increasingly intersect with questions of safety, alignment, and societal impact.",Evaluate,"An AI-powered drug discovery platform uses deep learning to predict protein-ligand binding affinity across a virtual library of 10 billion compounds, prioritizing molecules for wet-lab synthesis.","Evaluate the long-term sustainability of a Deep Learning-based solution for this use case, considering model decay trajectories, retraining cost structures, data governance requirements, and the ethical implications of scaled automated decision-making in this domain."
Deep Learning,"Deep Learning refers to the use of multi-layered neural architectures trained on large datasets to learn hierarchical representations. Breakthroughs in GPU computing, large-scale datasets, and architectural innovations (Transformers, attention mechanisms, residual connections, normalization layers) have enabled superhuman performance across vision, language, speech, and scientific domains. Core challenges include data efficiency, interpretability, robustness to distribution shift and adversarial examples, computational cost, and catastrophic forgetting in continual learning settings. Deep learning research and deployment increasingly intersect with questions of safety, alignment, and societal impact.",Create,"A nuclear fusion research lab uses deep learning surrogate models to emulate plasma behavior simulations that would otherwise require weeks of supercomputing time, accelerating parameter search.","Architect a novel ML system for this use case that addresses the key limitations of standard Deep Learning implementations, incorporating uncertainty quantification, fairness constraints, concept drift adaptation, and human-in-the-loop oversight mechanisms."
Deep Learning,"Deep Learning refers to the use of multi-layered neural architectures trained on large datasets to learn hierarchical representations. Breakthroughs in GPU computing, large-scale datasets, and architectural innovations (Transformers, attention mechanisms, residual connections, normalization layers) have enabled superhuman performance across vision, language, speech, and scientific domains. Core challenges include data efficiency, interpretability, robustness to distribution shift and adversarial examples, computational cost, and catastrophic forgetting in continual learning settings. Deep learning research and deployment increasingly intersect with questions of safety, alignment, and societal impact.",Create,"A global reinsurance company builds deep learning models on catastrophic event data (flood, earthquake, wildfire) to price tail-risk insurance products that traditional actuarial models cannot adequately capture.","Design a research agenda to advance Deep Learning methodology specifically for high-stakes enterprise applications, proposing three novel experimental studies that would yield actionable insights for production practitioners."
Deep Learning,"Deep Learning refers to the use of multi-layered neural architectures trained on large datasets to learn hierarchical representations. Breakthroughs in GPU computing, large-scale datasets, and architectural innovations (Transformers, attention mechanisms, residual connections, normalization layers) have enabled superhuman performance across vision, language, speech, and scientific domains. Core challenges include data efficiency, interpretability, robustness to distribution shift and adversarial examples, computational cost, and catastrophic forgetting in continual learning settings. Deep learning research and deployment increasingly intersect with questions of safety, alignment, and societal impact.",Create,A self-driving robotics startup faces the sim-to-real transfer problem: deep learning models trained in simulation degrade in real-world deployment due to domain shift in lighting and surface textures.,"Construct a comprehensive MLOps framework tailored for Deep Learning deployment in this context, covering the full model lifecycle: data versioning, experiment tracking, automated retraining triggers, A/B testing infrastructure, and incident response playbooks."
Deep Learning,"Deep Learning refers to the use of multi-layered neural architectures trained on large datasets to learn hierarchical representations. Breakthroughs in GPU computing, large-scale datasets, and architectural innovations (Transformers, attention mechanisms, residual connections, normalization layers) have enabled superhuman performance across vision, language, speech, and scientific domains. Core challenges include data efficiency, interpretability, robustness to distribution shift and adversarial examples, computational cost, and catastrophic forgetting in continual learning settings. Deep learning research and deployment increasingly intersect with questions of safety, alignment, and societal impact.",Create,"An AI-powered drug discovery platform uses deep learning to predict protein-ligand binding affinity across a virtual library of 10 billion compounds, prioritizing molecules for wet-lab synthesis.","Formulate a hybrid modeling strategy that combines Deep Learning with complementary methods to overcome its core weaknesses in this context, specifying the technical integration architecture, the decision boundaries between model components, and the validation protocol for the composite system."
Reinforcement Learning,"Reinforcement Learning (RL) frames learning as sequential decision-making under uncertainty: an agent observes states, takes actions, and receives scalar reward signals, optimizing a long-horizon cumulative reward objective. Key algorithms include Q-Learning, Deep Q-Networks (DQN), Proximal Policy Optimization (PPO), Soft Actor-Critic (SAC), and model-based RL variants. Challenges include sample inefficiency, reward shaping, exploration-exploitation tradeoffs, policy stability, and sim-to-real transfer. RL has achieved breakthroughs in game playing (AlphaGo), robotics, chip design, drug discovery, and industrial control systems.",Remember,"A data center operator implements reinforcement learning to optimize cooling system control, dynamically adjusting airflow and temperature setpoints to minimize PUE while preventing thermal events.","In the context of deploying Reinforcement Learning within enterprise, enumerate the fundamental mathematical assumptions and algorithmic constraints that must be verified prior to model selection."
Reinforcement Learning,"Reinforcement Learning (RL) frames learning as sequential decision-making under uncertainty: an agent observes states, takes actions, and receives scalar reward signals, optimizing a long-horizon cumulative reward objective. Key algorithms include Q-Learning, Deep Q-Networks (DQN), Proximal Policy Optimization (PPO), Soft Actor-Critic (SAC), and model-based RL variants. Challenges include sample inefficiency, reward shaping, exploration-exploitation tradeoffs, policy stability, and sim-to-real transfer. RL has achieved breakthroughs in game playing (AlphaGo), robotics, chip design, drug discovery, and industrial control systems.",Remember,"A quantitative trading firm deploys RL agents for adaptive execution of large block orders, learning to minimize market impact while navigating time pressure and stochastic liquidity conditions.","A data science team onboarding to a enterprise project requests a comprehensive taxonomy of the core components, parameters, and operational boundaries that define Reinforcement Learning."
Reinforcement Learning,"Reinforcement Learning (RL) frames learning as sequential decision-making under uncertainty: an agent observes states, takes actions, and receives scalar reward signals, optimizing a long-horizon cumulative reward objective. Key algorithms include Q-Learning, Deep Q-Networks (DQN), Proximal Policy Optimization (PPO), Soft Actor-Critic (SAC), and model-based RL variants. Challenges include sample inefficiency, reward shaping, exploration-exploitation tradeoffs, policy stability, and sim-to-real transfer. RL has achieved breakthroughs in game playing (AlphaGo), robotics, chip design, drug discovery, and industrial control systems.",Remember,A robotics company uses RL to teach a dexterous robotic hand to manipulate irregularly shaped objects in unstructured warehouse environments without manual reward engineering for each object class.,"Within the regulatory documentation for a enterprise system, specify the defining characteristics of Reinforcement Learning that distinguish it from adjacent methodological approaches."
Reinforcement Learning,"Reinforcement Learning (RL) frames learning as sequential decision-making under uncertainty: an agent observes states, takes actions, and receives scalar reward signals, optimizing a long-horizon cumulative reward objective. Key algorithms include Q-Learning, Deep Q-Networks (DQN), Proximal Policy Optimization (PPO), Soft Actor-Critic (SAC), and model-based RL variants. Challenges include sample inefficiency, reward shaping, exploration-exploitation tradeoffs, policy stability, and sim-to-real transfer. RL has achieved breakthroughs in game playing (AlphaGo), robotics, chip design, drug discovery, and industrial control systems.",Remember,"A hospital uses RL to optimize sepsis treatment protocols by learning dynamic treatment regimes from retrospective ICU data, balancing immediate physiological responses against long-term patient outcomes.",Catalogue the essential computational and statistical prerequisites that must be satisfied before Reinforcement Learning can be validly applied within a enterprise operational context.
Reinforcement Learning,"Reinforcement Learning (RL) frames learning as sequential decision-making under uncertainty: an agent observes states, takes actions, and receives scalar reward signals, optimizing a long-horizon cumulative reward objective. Key algorithms include Q-Learning, Deep Q-Networks (DQN), Proximal Policy Optimization (PPO), Soft Actor-Critic (SAC), and model-based RL variants. Challenges include sample inefficiency, reward shaping, exploration-exploitation tradeoffs, policy stability, and sim-to-real transfer. RL has achieved breakthroughs in game playing (AlphaGo), robotics, chip design, drug discovery, and industrial control systems.",Understand,"A data center operator implements reinforcement learning to optimize cooling system control, dynamically adjusting airflow and temperature setpoints to minimize PUE while preventing thermal events.","Articulate in precise technical terms how the core learning mechanism of Reinforcement Learning operates under the distributional assumptions present in enterprise data, specifically addressing what occurs when those assumptions are violated."
Reinforcement Learning,"Reinforcement Learning (RL) frames learning as sequential decision-making under uncertainty: an agent observes states, takes actions, and receives scalar reward signals, optimizing a long-horizon cumulative reward objective. Key algorithms include Q-Learning, Deep Q-Networks (DQN), Proximal Policy Optimization (PPO), Soft Actor-Critic (SAC), and model-based RL variants. Challenges include sample inefficiency, reward shaping, exploration-exploitation tradeoffs, policy stability, and sim-to-real transfer. RL has achieved breakthroughs in game playing (AlphaGo), robotics, chip design, drug discovery, and industrial control systems.",Understand,"A quantitative trading firm deploys RL agents for adaptive execution of large block orders, learning to minimize market impact while navigating time pressure and stochastic liquidity conditions.",A senior ML engineer must brief a cross-functional product team on why Reinforcement Learning exhibits particular failure modes in enterprise applications — explain the underlying statistical rationale for these limitations.
Reinforcement Learning,"Reinforcement Learning (RL) frames learning as sequential decision-making under uncertainty: an agent observes states, takes actions, and receives scalar reward signals, optimizing a long-horizon cumulative reward objective. Key algorithms include Q-Learning, Deep Q-Networks (DQN), Proximal Policy Optimization (PPO), Soft Actor-Critic (SAC), and model-based RL variants. Challenges include sample inefficiency, reward shaping, exploration-exploitation tradeoffs, policy stability, and sim-to-real transfer. RL has achieved breakthroughs in game playing (AlphaGo), robotics, chip design, drug discovery, and industrial control systems.",Understand,A robotics company uses RL to teach a dexterous robotic hand to manipulate irregularly shaped objects in unstructured warehouse environments without manual reward engineering for each object class.,Construct a conceptual explanation that differentiates the theoretical generalization behavior of Reinforcement Learning from its empirical performance characteristics when deployed in a high-stakes enterprise pipeline.
Reinforcement Learning,"Reinforcement Learning (RL) frames learning as sequential decision-making under uncertainty: an agent observes states, takes actions, and receives scalar reward signals, optimizing a long-horizon cumulative reward objective. Key algorithms include Q-Learning, Deep Q-Networks (DQN), Proximal Policy Optimization (PPO), Soft Actor-Critic (SAC), and model-based RL variants. Challenges include sample inefficiency, reward shaping, exploration-exploitation tradeoffs, policy stability, and sim-to-real transfer. RL has achieved breakthroughs in game playing (AlphaGo), robotics, chip design, drug discovery, and industrial control systems.",Understand,"A hospital uses RL to optimize sepsis treatment protocols by learning dynamic treatment regimes from retrospective ICU data, balancing immediate physiological responses against long-term patient outcomes.",Interpret the mathematical intuition behind Reinforcement Learning's core optimization objective and explain how deviations in enterprise data quality would propagate through the model's internal representations.
Reinforcement Learning,"Reinforcement Learning (RL) frames learning as sequential decision-making under uncertainty: an agent observes states, takes actions, and receives scalar reward signals, optimizing a long-horizon cumulative reward objective. Key algorithms include Q-Learning, Deep Q-Networks (DQN), Proximal Policy Optimization (PPO), Soft Actor-Critic (SAC), and model-based RL variants. Challenges include sample inefficiency, reward shaping, exploration-exploitation tradeoffs, policy stability, and sim-to-real transfer. RL has achieved breakthroughs in game playing (AlphaGo), robotics, chip design, drug discovery, and industrial control systems.",Apply,"A data center operator implements reinforcement learning to optimize cooling system control, dynamically adjusting airflow and temperature setpoints to minimize PUE while preventing thermal events.","Given this deployment scenario, outline the complete preprocessing pipeline, feature engineering strategy, and hyperparameter configuration required to deploy Reinforcement Learning as a production-grade component within this system."
Reinforcement Learning,"Reinforcement Learning (RL) frames learning as sequential decision-making under uncertainty: an agent observes states, takes actions, and receives scalar reward signals, optimizing a long-horizon cumulative reward objective. Key algorithms include Q-Learning, Deep Q-Networks (DQN), Proximal Policy Optimization (PPO), Soft Actor-Critic (SAC), and model-based RL variants. Challenges include sample inefficiency, reward shaping, exploration-exploitation tradeoffs, policy stability, and sim-to-real transfer. RL has achieved breakthroughs in game playing (AlphaGo), robotics, chip design, drug discovery, and industrial control systems.",Apply,"A quantitative trading firm deploys RL agents for adaptive execution of large block orders, learning to minimize market impact while navigating time pressure and stochastic liquidity conditions.","A team inherits a legacy enterprise system using Reinforcement Learning with significant technical debt. Describe the concrete implementation steps to refactor the pipeline for improved reliability, latency, and maintainability."
Reinforcement Learning,"Reinforcement Learning (RL) frames learning as sequential decision-making under uncertainty: an agent observes states, takes actions, and receives scalar reward signals, optimizing a long-horizon cumulative reward objective. Key algorithms include Q-Learning, Deep Q-Networks (DQN), Proximal Policy Optimization (PPO), Soft Actor-Critic (SAC), and model-based RL variants. Challenges include sample inefficiency, reward shaping, exploration-exploitation tradeoffs, policy stability, and sim-to-real transfer. RL has achieved breakthroughs in game playing (AlphaGo), robotics, chip design, drug discovery, and industrial control systems.",Apply,A robotics company uses RL to teach a dexterous robotic hand to manipulate irregularly shaped objects in unstructured warehouse environments without manual reward engineering for each object class.,"Implement a validation framework for Reinforcement Learning in this deployment scenario context, specifying the exact metrics, thresholds, and data split strategies appropriate for the operational constraints and risk profile of this application."
Reinforcement Learning,"Reinforcement Learning (RL) frames learning as sequential decision-making under uncertainty: an agent observes states, takes actions, and receives scalar reward signals, optimizing a long-horizon cumulative reward objective. Key algorithms include Q-Learning, Deep Q-Networks (DQN), Proximal Policy Optimization (PPO), Soft Actor-Critic (SAC), and model-based RL variants. Challenges include sample inefficiency, reward shaping, exploration-exploitation tradeoffs, policy stability, and sim-to-real transfer. RL has achieved breakthroughs in game playing (AlphaGo), robotics, chip design, drug discovery, and industrial control systems.",Apply,"A hospital uses RL to optimize sepsis treatment protocols by learning dynamic treatment regimes from retrospective ICU data, balancing immediate physiological responses against long-term patient outcomes.","Considering this deployment scenario, detail the end-to-end inference pipeline design for Reinforcement Learning, including feature serving, model versioning, monitoring hooks, and fallback mechanisms for production deployment."
Reinforcement Learning,"Reinforcement Learning (RL) frames learning as sequential decision-making under uncertainty: an agent observes states, takes actions, and receives scalar reward signals, optimizing a long-horizon cumulative reward objective. Key algorithms include Q-Learning, Deep Q-Networks (DQN), Proximal Policy Optimization (PPO), Soft Actor-Critic (SAC), and model-based RL variants. Challenges include sample inefficiency, reward shaping, exploration-exploitation tradeoffs, policy stability, and sim-to-real transfer. RL has achieved breakthroughs in game playing (AlphaGo), robotics, chip design, drug discovery, and industrial control systems.",Analyze,"A data center operator implements reinforcement learning to optimize cooling system control, dynamically adjusting airflow and temperature setpoints to minimize PUE while preventing thermal events.","In this deployment scenario, the Reinforcement Learning model begins exhibiting significant performance degradation six months after deployment. Conduct a systematic diagnostic analysis identifying the most probable root causes and distinguishing between data drift, concept drift, and model decay hypotheses."
Reinforcement Learning,"Reinforcement Learning (RL) frames learning as sequential decision-making under uncertainty: an agent observes states, takes actions, and receives scalar reward signals, optimizing a long-horizon cumulative reward objective. Key algorithms include Q-Learning, Deep Q-Networks (DQN), Proximal Policy Optimization (PPO), Soft Actor-Critic (SAC), and model-based RL variants. Challenges include sample inefficiency, reward shaping, exploration-exploitation tradeoffs, policy stability, and sim-to-real transfer. RL has achieved breakthroughs in game playing (AlphaGo), robotics, chip design, drug discovery, and industrial control systems.",Analyze,"A quantitative trading firm deploys RL agents for adaptive execution of large block orders, learning to minimize market impact while navigating time pressure and stochastic liquidity conditions.","Critically compare the architectural trade-offs between Reinforcement Learning and two alternative algorithmic families for this deployment scenario use case, analyzing computational complexity, interpretability requirements, uncertainty quantification capacity, and regulatory compliance constraints."
Reinforcement Learning,"Reinforcement Learning (RL) frames learning as sequential decision-making under uncertainty: an agent observes states, takes actions, and receives scalar reward signals, optimizing a long-horizon cumulative reward objective. Key algorithms include Q-Learning, Deep Q-Networks (DQN), Proximal Policy Optimization (PPO), Soft Actor-Critic (SAC), and model-based RL variants. Challenges include sample inefficiency, reward shaping, exploration-exploitation tradeoffs, policy stability, and sim-to-real transfer. RL has achieved breakthroughs in game playing (AlphaGo), robotics, chip design, drug discovery, and industrial control systems.",Analyze,A robotics company uses RL to teach a dexterous robotic hand to manipulate irregularly shaped objects in unstructured warehouse environments without manual reward engineering for each object class.,"Decompose the potential failure modes of Reinforcement Learning in this deployment scenario context into data-quality failures, distributional shift failures, model specification failures, and deployment infrastructure failures, and analyze the downstream business and safety consequences of each."
Reinforcement Learning,"Reinforcement Learning (RL) frames learning as sequential decision-making under uncertainty: an agent observes states, takes actions, and receives scalar reward signals, optimizing a long-horizon cumulative reward objective. Key algorithms include Q-Learning, Deep Q-Networks (DQN), Proximal Policy Optimization (PPO), Soft Actor-Critic (SAC), and model-based RL variants. Challenges include sample inefficiency, reward shaping, exploration-exploitation tradeoffs, policy stability, and sim-to-real transfer. RL has achieved breakthroughs in game playing (AlphaGo), robotics, chip design, drug discovery, and industrial control systems.",Analyze,"A hospital uses RL to optimize sepsis treatment protocols by learning dynamic treatment regimes from retrospective ICU data, balancing immediate physiological responses against long-term patient outcomes.","Examine the interaction effects between Reinforcement Learning's core assumptions and the specific data-generating process in this context, identifying which assumption violations are benign, which are correctable, and which would fundamentally invalidate the modeling approach."
Reinforcement Learning,"Reinforcement Learning (RL) frames learning as sequential decision-making under uncertainty: an agent observes states, takes actions, and receives scalar reward signals, optimizing a long-horizon cumulative reward objective. Key algorithms include Q-Learning, Deep Q-Networks (DQN), Proximal Policy Optimization (PPO), Soft Actor-Critic (SAC), and model-based RL variants. Challenges include sample inefficiency, reward shaping, exploration-exploitation tradeoffs, policy stability, and sim-to-real transfer. RL has achieved breakthroughs in game playing (AlphaGo), robotics, chip design, drug discovery, and industrial control systems.",Evaluate,"A data center operator implements reinforcement learning to optimize cooling system control, dynamically adjusting airflow and temperature setpoints to minimize PUE while preventing thermal events.","In this deployment scenario, multiple ML teams are advocating for Reinforcement Learning as the production system. Formulate a rigorous evaluation framework that quantifies not only predictive performance but also business value, operational risk, fairness, interpretability, and total cost of ownership."
Reinforcement Learning,"Reinforcement Learning (RL) frames learning as sequential decision-making under uncertainty: an agent observes states, takes actions, and receives scalar reward signals, optimizing a long-horizon cumulative reward objective. Key algorithms include Q-Learning, Deep Q-Networks (DQN), Proximal Policy Optimization (PPO), Soft Actor-Critic (SAC), and model-based RL variants. Challenges include sample inefficiency, reward shaping, exploration-exploitation tradeoffs, policy stability, and sim-to-real transfer. RL has achieved breakthroughs in game playing (AlphaGo), robotics, chip design, drug discovery, and industrial control systems.",Evaluate,"A quantitative trading firm deploys RL agents for adaptive execution of large block orders, learning to minimize market impact while navigating time pressure and stochastic liquidity conditions.","Critically assess the deployment readiness of a Reinforcement Learning model in this deployment scenario context, evaluating the model's robustness to adversarial inputs, its calibration quality, its behavior under distribution shift, and the adequacy of its monitoring instrumentation."
Reinforcement Learning,"Reinforcement Learning (RL) frames learning as sequential decision-making under uncertainty: an agent observes states, takes actions, and receives scalar reward signals, optimizing a long-horizon cumulative reward objective. Key algorithms include Q-Learning, Deep Q-Networks (DQN), Proximal Policy Optimization (PPO), Soft Actor-Critic (SAC), and model-based RL variants. Challenges include sample inefficiency, reward shaping, exploration-exploitation tradeoffs, policy stability, and sim-to-real transfer. RL has achieved breakthroughs in game playing (AlphaGo), robotics, chip design, drug discovery, and industrial control systems.",Evaluate,A robotics company uses RL to teach a dexterous robotic hand to manipulate irregularly shaped objects in unstructured warehouse environments without manual reward engineering for each object class.,"A regulatory body is reviewing the use of Reinforcement Learning in this context. Argue for or against the model's fitness for purpose, substantiating your position with specific evidence criteria, acceptable risk thresholds, and the consequences of both Type I and Type II decision errors."
Reinforcement Learning,"Reinforcement Learning (RL) frames learning as sequential decision-making under uncertainty: an agent observes states, takes actions, and receives scalar reward signals, optimizing a long-horizon cumulative reward objective. Key algorithms include Q-Learning, Deep Q-Networks (DQN), Proximal Policy Optimization (PPO), Soft Actor-Critic (SAC), and model-based RL variants. Challenges include sample inefficiency, reward shaping, exploration-exploitation tradeoffs, policy stability, and sim-to-real transfer. RL has achieved breakthroughs in game playing (AlphaGo), robotics, chip design, drug discovery, and industrial control systems.",Evaluate,"A hospital uses RL to optimize sepsis treatment protocols by learning dynamic treatment regimes from retrospective ICU data, balancing immediate physiological responses against long-term patient outcomes.","Evaluate the long-term sustainability of a Reinforcement Learning-based solution for this use case, considering model decay trajectories, retraining cost structures, data governance requirements, and the ethical implications of scaled automated decision-making in this domain."
Reinforcement Learning,"Reinforcement Learning (RL) frames learning as sequential decision-making under uncertainty: an agent observes states, takes actions, and receives scalar reward signals, optimizing a long-horizon cumulative reward objective. Key algorithms include Q-Learning, Deep Q-Networks (DQN), Proximal Policy Optimization (PPO), Soft Actor-Critic (SAC), and model-based RL variants. Challenges include sample inefficiency, reward shaping, exploration-exploitation tradeoffs, policy stability, and sim-to-real transfer. RL has achieved breakthroughs in game playing (AlphaGo), robotics, chip design, drug discovery, and industrial control systems.",Create,"A data center operator implements reinforcement learning to optimize cooling system control, dynamically adjusting airflow and temperature setpoints to minimize PUE while preventing thermal events.","Architect a novel ML system for this use case that addresses the key limitations of standard Reinforcement Learning implementations, incorporating uncertainty quantification, fairness constraints, concept drift adaptation, and human-in-the-loop oversight mechanisms."
Reinforcement Learning,"Reinforcement Learning (RL) frames learning as sequential decision-making under uncertainty: an agent observes states, takes actions, and receives scalar reward signals, optimizing a long-horizon cumulative reward objective. Key algorithms include Q-Learning, Deep Q-Networks (DQN), Proximal Policy Optimization (PPO), Soft Actor-Critic (SAC), and model-based RL variants. Challenges include sample inefficiency, reward shaping, exploration-exploitation tradeoffs, policy stability, and sim-to-real transfer. RL has achieved breakthroughs in game playing (AlphaGo), robotics, chip design, drug discovery, and industrial control systems.",Create,"A quantitative trading firm deploys RL agents for adaptive execution of large block orders, learning to minimize market impact while navigating time pressure and stochastic liquidity conditions.","Design a research agenda to advance Reinforcement Learning methodology specifically for high-stakes enterprise applications, proposing three novel experimental studies that would yield actionable insights for production practitioners."
Reinforcement Learning,"Reinforcement Learning (RL) frames learning as sequential decision-making under uncertainty: an agent observes states, takes actions, and receives scalar reward signals, optimizing a long-horizon cumulative reward objective. Key algorithms include Q-Learning, Deep Q-Networks (DQN), Proximal Policy Optimization (PPO), Soft Actor-Critic (SAC), and model-based RL variants. Challenges include sample inefficiency, reward shaping, exploration-exploitation tradeoffs, policy stability, and sim-to-real transfer. RL has achieved breakthroughs in game playing (AlphaGo), robotics, chip design, drug discovery, and industrial control systems.",Create,A robotics company uses RL to teach a dexterous robotic hand to manipulate irregularly shaped objects in unstructured warehouse environments without manual reward engineering for each object class.,"Construct a comprehensive MLOps framework tailored for Reinforcement Learning deployment in this context, covering the full model lifecycle: data versioning, experiment tracking, automated retraining triggers, A/B testing infrastructure, and incident response playbooks."
Reinforcement Learning,"Reinforcement Learning (RL) frames learning as sequential decision-making under uncertainty: an agent observes states, takes actions, and receives scalar reward signals, optimizing a long-horizon cumulative reward objective. Key algorithms include Q-Learning, Deep Q-Networks (DQN), Proximal Policy Optimization (PPO), Soft Actor-Critic (SAC), and model-based RL variants. Challenges include sample inefficiency, reward shaping, exploration-exploitation tradeoffs, policy stability, and sim-to-real transfer. RL has achieved breakthroughs in game playing (AlphaGo), robotics, chip design, drug discovery, and industrial control systems.",Create,"A hospital uses RL to optimize sepsis treatment protocols by learning dynamic treatment regimes from retrospective ICU data, balancing immediate physiological responses against long-term patient outcomes.","Formulate a hybrid modeling strategy that combines Reinforcement Learning with complementary methods to overcome its core weaknesses in this context, specifying the technical integration architecture, the decision boundaries between model components, and the validation protocol for the composite system."
Gradient Boosting,"Gradient Boosting constructs an additive ensemble of weak learners (typically shallow decision trees) by iteratively fitting each new tree to the negative gradient of the loss function, correcting residual errors of the ensemble. Implementations like XGBoost, LightGBM, and CatBoost introduce regularization, histogram-based split finding, and GPU acceleration. Key hyperparameters include learning rate (shrinkage), n_estimators, max_depth, subsample, and colsample_bytree. Gradient boosting consistently outperforms other tabular data methods in Kaggle competitions and is widely deployed in industry for ranking, fraud detection, and click-through rate prediction.",Remember,"A mobility-as-a-service company uses gradient boosting to predict ride cancellation probability at booking time, dynamically adjusting driver incentives and customer offers to reduce churn.","In the context of deploying Gradient Boosting within enterprise, enumerate the fundamental mathematical assumptions and algorithmic constraints that must be verified prior to model selection."
Gradient Boosting,"Gradient Boosting constructs an additive ensemble of weak learners (typically shallow decision trees) by iteratively fitting each new tree to the negative gradient of the loss function, correcting residual errors of the ensemble. Implementations like XGBoost, LightGBM, and CatBoost introduce regularization, histogram-based split finding, and GPU acceleration. Key hyperparameters include learning rate (shrinkage), n_estimators, max_depth, subsample, and colsample_bytree. Gradient boosting consistently outperforms other tabular data methods in Kaggle competitions and is widely deployed in industry for ranking, fraud detection, and click-through rate prediction.",Remember,"A customs authority deploys XGBoost models to score import declarations for fraud risk, processing 2 million entries daily and flagging shipments for physical inspection with calibrated probability estimates.","A data science team onboarding to a enterprise project requests a comprehensive taxonomy of the core components, parameters, and operational boundaries that define Gradient Boosting."
Gradient Boosting,"Gradient Boosting constructs an additive ensemble of weak learners (typically shallow decision trees) by iteratively fitting each new tree to the negative gradient of the loss function, correcting residual errors of the ensemble. Implementations like XGBoost, LightGBM, and CatBoost introduce regularization, histogram-based split finding, and GPU acceleration. Key hyperparameters include learning rate (shrinkage), n_estimators, max_depth, subsample, and colsample_bytree. Gradient boosting consistently outperforms other tabular data methods in Kaggle competitions and is widely deployed in industry for ranking, fraud detection, and click-through rate prediction.",Remember,A climate tech company uses gradient boosting on satellite and ground station data to produce high-resolution solar irradiance forecasts for utility-scale solar farm dispatch optimization.,"Within the regulatory documentation for a enterprise system, specify the defining characteristics of Gradient Boosting that distinguish it from adjacent methodological approaches."
Gradient Boosting,"Gradient Boosting constructs an additive ensemble of weak learners (typically shallow decision trees) by iteratively fitting each new tree to the negative gradient of the loss function, correcting residual errors of the ensemble. Implementations like XGBoost, LightGBM, and CatBoost introduce regularization, histogram-based split finding, and GPU acceleration. Key hyperparameters include learning rate (shrinkage), n_estimators, max_depth, subsample, and colsample_bytree. Gradient boosting consistently outperforms other tabular data methods in Kaggle competitions and is widely deployed in industry for ranking, fraud detection, and click-through rate prediction.",Remember,"An academic medical center builds LightGBM models to predict 30-day hospital readmission risk from discharge summaries, vitals, and medication lists, informing care transition interventions.",Catalogue the essential computational and statistical prerequisites that must be satisfied before Gradient Boosting can be validly applied within a enterprise operational context.
Gradient Boosting,"Gradient Boosting constructs an additive ensemble of weak learners (typically shallow decision trees) by iteratively fitting each new tree to the negative gradient of the loss function, correcting residual errors of the ensemble. Implementations like XGBoost, LightGBM, and CatBoost introduce regularization, histogram-based split finding, and GPU acceleration. Key hyperparameters include learning rate (shrinkage), n_estimators, max_depth, subsample, and colsample_bytree. Gradient boosting consistently outperforms other tabular data methods in Kaggle competitions and is widely deployed in industry for ranking, fraud detection, and click-through rate prediction.",Understand,"A mobility-as-a-service company uses gradient boosting to predict ride cancellation probability at booking time, dynamically adjusting driver incentives and customer offers to reduce churn.","Articulate in precise technical terms how the core learning mechanism of Gradient Boosting operates under the distributional assumptions present in enterprise data, specifically addressing what occurs when those assumptions are violated."
Gradient Boosting,"Gradient Boosting constructs an additive ensemble of weak learners (typically shallow decision trees) by iteratively fitting each new tree to the negative gradient of the loss function, correcting residual errors of the ensemble. Implementations like XGBoost, LightGBM, and CatBoost introduce regularization, histogram-based split finding, and GPU acceleration. Key hyperparameters include learning rate (shrinkage), n_estimators, max_depth, subsample, and colsample_bytree. Gradient boosting consistently outperforms other tabular data methods in Kaggle competitions and is widely deployed in industry for ranking, fraud detection, and click-through rate prediction.",Understand,"A customs authority deploys XGBoost models to score import declarations for fraud risk, processing 2 million entries daily and flagging shipments for physical inspection with calibrated probability estimates.",A senior ML engineer must brief a cross-functional product team on why Gradient Boosting exhibits particular failure modes in enterprise applications — explain the underlying statistical rationale for these limitations.
Gradient Boosting,"Gradient Boosting constructs an additive ensemble of weak learners (typically shallow decision trees) by iteratively fitting each new tree to the negative gradient of the loss function, correcting residual errors of the ensemble. Implementations like XGBoost, LightGBM, and CatBoost introduce regularization, histogram-based split finding, and GPU acceleration. Key hyperparameters include learning rate (shrinkage), n_estimators, max_depth, subsample, and colsample_bytree. Gradient boosting consistently outperforms other tabular data methods in Kaggle competitions and is widely deployed in industry for ranking, fraud detection, and click-through rate prediction.",Understand,A climate tech company uses gradient boosting on satellite and ground station data to produce high-resolution solar irradiance forecasts for utility-scale solar farm dispatch optimization.,Construct a conceptual explanation that differentiates the theoretical generalization behavior of Gradient Boosting from its empirical performance characteristics when deployed in a high-stakes enterprise pipeline.
Gradient Boosting,"Gradient Boosting constructs an additive ensemble of weak learners (typically shallow decision trees) by iteratively fitting each new tree to the negative gradient of the loss function, correcting residual errors of the ensemble. Implementations like XGBoost, LightGBM, and CatBoost introduce regularization, histogram-based split finding, and GPU acceleration. Key hyperparameters include learning rate (shrinkage), n_estimators, max_depth, subsample, and colsample_bytree. Gradient boosting consistently outperforms other tabular data methods in Kaggle competitions and is widely deployed in industry for ranking, fraud detection, and click-through rate prediction.",Understand,"An academic medical center builds LightGBM models to predict 30-day hospital readmission risk from discharge summaries, vitals, and medication lists, informing care transition interventions.",Interpret the mathematical intuition behind Gradient Boosting's core optimization objective and explain how deviations in enterprise data quality would propagate through the model's internal representations.
Gradient Boosting,"Gradient Boosting constructs an additive ensemble of weak learners (typically shallow decision trees) by iteratively fitting each new tree to the negative gradient of the loss function, correcting residual errors of the ensemble. Implementations like XGBoost, LightGBM, and CatBoost introduce regularization, histogram-based split finding, and GPU acceleration. Key hyperparameters include learning rate (shrinkage), n_estimators, max_depth, subsample, and colsample_bytree. Gradient boosting consistently outperforms other tabular data methods in Kaggle competitions and is widely deployed in industry for ranking, fraud detection, and click-through rate prediction.",Apply,"A mobility-as-a-service company uses gradient boosting to predict ride cancellation probability at booking time, dynamically adjusting driver incentives and customer offers to reduce churn.","Given this deployment scenario, outline the complete preprocessing pipeline, feature engineering strategy, and hyperparameter configuration required to deploy Gradient Boosting as a production-grade component within this system."
Gradient Boosting,"Gradient Boosting constructs an additive ensemble of weak learners (typically shallow decision trees) by iteratively fitting each new tree to the negative gradient of the loss function, correcting residual errors of the ensemble. Implementations like XGBoost, LightGBM, and CatBoost introduce regularization, histogram-based split finding, and GPU acceleration. Key hyperparameters include learning rate (shrinkage), n_estimators, max_depth, subsample, and colsample_bytree. Gradient boosting consistently outperforms other tabular data methods in Kaggle competitions and is widely deployed in industry for ranking, fraud detection, and click-through rate prediction.",Apply,"A customs authority deploys XGBoost models to score import declarations for fraud risk, processing 2 million entries daily and flagging shipments for physical inspection with calibrated probability estimates.","A team inherits a legacy enterprise system using Gradient Boosting with significant technical debt. Describe the concrete implementation steps to refactor the pipeline for improved reliability, latency, and maintainability."
Gradient Boosting,"Gradient Boosting constructs an additive ensemble of weak learners (typically shallow decision trees) by iteratively fitting each new tree to the negative gradient of the loss function, correcting residual errors of the ensemble. Implementations like XGBoost, LightGBM, and CatBoost introduce regularization, histogram-based split finding, and GPU acceleration. Key hyperparameters include learning rate (shrinkage), n_estimators, max_depth, subsample, and colsample_bytree. Gradient boosting consistently outperforms other tabular data methods in Kaggle competitions and is widely deployed in industry for ranking, fraud detection, and click-through rate prediction.",Apply,A climate tech company uses gradient boosting on satellite and ground station data to produce high-resolution solar irradiance forecasts for utility-scale solar farm dispatch optimization.,"Implement a validation framework for Gradient Boosting in this deployment scenario context, specifying the exact metrics, thresholds, and data split strategies appropriate for the operational constraints and risk profile of this application."
Gradient Boosting,"Gradient Boosting constructs an additive ensemble of weak learners (typically shallow decision trees) by iteratively fitting each new tree to the negative gradient of the loss function, correcting residual errors of the ensemble. Implementations like XGBoost, LightGBM, and CatBoost introduce regularization, histogram-based split finding, and GPU acceleration. Key hyperparameters include learning rate (shrinkage), n_estimators, max_depth, subsample, and colsample_bytree. Gradient boosting consistently outperforms other tabular data methods in Kaggle competitions and is widely deployed in industry for ranking, fraud detection, and click-through rate prediction.",Apply,"An academic medical center builds LightGBM models to predict 30-day hospital readmission risk from discharge summaries, vitals, and medication lists, informing care transition interventions.","Considering this deployment scenario, detail the end-to-end inference pipeline design for Gradient Boosting, including feature serving, model versioning, monitoring hooks, and fallback mechanisms for production deployment."
Gradient Boosting,"Gradient Boosting constructs an additive ensemble of weak learners (typically shallow decision trees) by iteratively fitting each new tree to the negative gradient of the loss function, correcting residual errors of the ensemble. Implementations like XGBoost, LightGBM, and CatBoost introduce regularization, histogram-based split finding, and GPU acceleration. Key hyperparameters include learning rate (shrinkage), n_estimators, max_depth, subsample, and colsample_bytree. Gradient boosting consistently outperforms other tabular data methods in Kaggle competitions and is widely deployed in industry for ranking, fraud detection, and click-through rate prediction.",Analyze,"A mobility-as-a-service company uses gradient boosting to predict ride cancellation probability at booking time, dynamically adjusting driver incentives and customer offers to reduce churn.","In this deployment scenario, the Gradient Boosting model begins exhibiting significant performance degradation six months after deployment. Conduct a systematic diagnostic analysis identifying the most probable root causes and distinguishing between data drift, concept drift, and model decay hypotheses."
Gradient Boosting,"Gradient Boosting constructs an additive ensemble of weak learners (typically shallow decision trees) by iteratively fitting each new tree to the negative gradient of the loss function, correcting residual errors of the ensemble. Implementations like XGBoost, LightGBM, and CatBoost introduce regularization, histogram-based split finding, and GPU acceleration. Key hyperparameters include learning rate (shrinkage), n_estimators, max_depth, subsample, and colsample_bytree. Gradient boosting consistently outperforms other tabular data methods in Kaggle competitions and is widely deployed in industry for ranking, fraud detection, and click-through rate prediction.",Analyze,"A customs authority deploys XGBoost models to score import declarations for fraud risk, processing 2 million entries daily and flagging shipments for physical inspection with calibrated probability estimates.","Critically compare the architectural trade-offs between Gradient Boosting and two alternative algorithmic families for this deployment scenario use case, analyzing computational complexity, interpretability requirements, uncertainty quantification capacity, and regulatory compliance constraints."
Gradient Boosting,"Gradient Boosting constructs an additive ensemble of weak learners (typically shallow decision trees) by iteratively fitting each new tree to the negative gradient of the loss function, correcting residual errors of the ensemble. Implementations like XGBoost, LightGBM, and CatBoost introduce regularization, histogram-based split finding, and GPU acceleration. Key hyperparameters include learning rate (shrinkage), n_estimators, max_depth, subsample, and colsample_bytree. Gradient boosting consistently outperforms other tabular data methods in Kaggle competitions and is widely deployed in industry for ranking, fraud detection, and click-through rate prediction.",Analyze,A climate tech company uses gradient boosting on satellite and ground station data to produce high-resolution solar irradiance forecasts for utility-scale solar farm dispatch optimization.,"Decompose the potential failure modes of Gradient Boosting in this deployment scenario context into data-quality failures, distributional shift failures, model specification failures, and deployment infrastructure failures, and analyze the downstream business and safety consequences of each."
Gradient Boosting,"Gradient Boosting constructs an additive ensemble of weak learners (typically shallow decision trees) by iteratively fitting each new tree to the negative gradient of the loss function, correcting residual errors of the ensemble. Implementations like XGBoost, LightGBM, and CatBoost introduce regularization, histogram-based split finding, and GPU acceleration. Key hyperparameters include learning rate (shrinkage), n_estimators, max_depth, subsample, and colsample_bytree. Gradient boosting consistently outperforms other tabular data methods in Kaggle competitions and is widely deployed in industry for ranking, fraud detection, and click-through rate prediction.",Analyze,"An academic medical center builds LightGBM models to predict 30-day hospital readmission risk from discharge summaries, vitals, and medication lists, informing care transition interventions.","Examine the interaction effects between Gradient Boosting's core assumptions and the specific data-generating process in this context, identifying which assumption violations are benign, which are correctable, and which would fundamentally invalidate the modeling approach."
Gradient Boosting,"Gradient Boosting constructs an additive ensemble of weak learners (typically shallow decision trees) by iteratively fitting each new tree to the negative gradient of the loss function, correcting residual errors of the ensemble. Implementations like XGBoost, LightGBM, and CatBoost introduce regularization, histogram-based split finding, and GPU acceleration. Key hyperparameters include learning rate (shrinkage), n_estimators, max_depth, subsample, and colsample_bytree. Gradient boosting consistently outperforms other tabular data methods in Kaggle competitions and is widely deployed in industry for ranking, fraud detection, and click-through rate prediction.",Evaluate,"A mobility-as-a-service company uses gradient boosting to predict ride cancellation probability at booking time, dynamically adjusting driver incentives and customer offers to reduce churn.","In this deployment scenario, multiple ML teams are advocating for Gradient Boosting as the production system. Formulate a rigorous evaluation framework that quantifies not only predictive performance but also business value, operational risk, fairness, interpretability, and total cost of ownership."
Gradient Boosting,"Gradient Boosting constructs an additive ensemble of weak learners (typically shallow decision trees) by iteratively fitting each new tree to the negative gradient of the loss function, correcting residual errors of the ensemble. Implementations like XGBoost, LightGBM, and CatBoost introduce regularization, histogram-based split finding, and GPU acceleration. Key hyperparameters include learning rate (shrinkage), n_estimators, max_depth, subsample, and colsample_bytree. Gradient boosting consistently outperforms other tabular data methods in Kaggle competitions and is widely deployed in industry for ranking, fraud detection, and click-through rate prediction.",Evaluate,"A customs authority deploys XGBoost models to score import declarations for fraud risk, processing 2 million entries daily and flagging shipments for physical inspection with calibrated probability estimates.","Critically assess the deployment readiness of a Gradient Boosting model in this deployment scenario context, evaluating the model's robustness to adversarial inputs, its calibration quality, its behavior under distribution shift, and the adequacy of its monitoring instrumentation."
Gradient Boosting,"Gradient Boosting constructs an additive ensemble of weak learners (typically shallow decision trees) by iteratively fitting each new tree to the negative gradient of the loss function, correcting residual errors of the ensemble. Implementations like XGBoost, LightGBM, and CatBoost introduce regularization, histogram-based split finding, and GPU acceleration. Key hyperparameters include learning rate (shrinkage), n_estimators, max_depth, subsample, and colsample_bytree. Gradient boosting consistently outperforms other tabular data methods in Kaggle competitions and is widely deployed in industry for ranking, fraud detection, and click-through rate prediction.",Evaluate,A climate tech company uses gradient boosting on satellite and ground station data to produce high-resolution solar irradiance forecasts for utility-scale solar farm dispatch optimization.,"A regulatory body is reviewing the use of Gradient Boosting in this context. Argue for or against the model's fitness for purpose, substantiating your position with specific evidence criteria, acceptable risk thresholds, and the consequences of both Type I and Type II decision errors."
Gradient Boosting,"Gradient Boosting constructs an additive ensemble of weak learners (typically shallow decision trees) by iteratively fitting each new tree to the negative gradient of the loss function, correcting residual errors of the ensemble. Implementations like XGBoost, LightGBM, and CatBoost introduce regularization, histogram-based split finding, and GPU acceleration. Key hyperparameters include learning rate (shrinkage), n_estimators, max_depth, subsample, and colsample_bytree. Gradient boosting consistently outperforms other tabular data methods in Kaggle competitions and is widely deployed in industry for ranking, fraud detection, and click-through rate prediction.",Evaluate,"An academic medical center builds LightGBM models to predict 30-day hospital readmission risk from discharge summaries, vitals, and medication lists, informing care transition interventions.","Evaluate the long-term sustainability of a Gradient Boosting-based solution for this use case, considering model decay trajectories, retraining cost structures, data governance requirements, and the ethical implications of scaled automated decision-making in this domain."
Gradient Boosting,"Gradient Boosting constructs an additive ensemble of weak learners (typically shallow decision trees) by iteratively fitting each new tree to the negative gradient of the loss function, correcting residual errors of the ensemble. Implementations like XGBoost, LightGBM, and CatBoost introduce regularization, histogram-based split finding, and GPU acceleration. Key hyperparameters include learning rate (shrinkage), n_estimators, max_depth, subsample, and colsample_bytree. Gradient boosting consistently outperforms other tabular data methods in Kaggle competitions and is widely deployed in industry for ranking, fraud detection, and click-through rate prediction.",Create,"A mobility-as-a-service company uses gradient boosting to predict ride cancellation probability at booking time, dynamically adjusting driver incentives and customer offers to reduce churn.","Architect a novel ML system for this use case that addresses the key limitations of standard Gradient Boosting implementations, incorporating uncertainty quantification, fairness constraints, concept drift adaptation, and human-in-the-loop oversight mechanisms."
Gradient Boosting,"Gradient Boosting constructs an additive ensemble of weak learners (typically shallow decision trees) by iteratively fitting each new tree to the negative gradient of the loss function, correcting residual errors of the ensemble. Implementations like XGBoost, LightGBM, and CatBoost introduce regularization, histogram-based split finding, and GPU acceleration. Key hyperparameters include learning rate (shrinkage), n_estimators, max_depth, subsample, and colsample_bytree. Gradient boosting consistently outperforms other tabular data methods in Kaggle competitions and is widely deployed in industry for ranking, fraud detection, and click-through rate prediction.",Create,"A customs authority deploys XGBoost models to score import declarations for fraud risk, processing 2 million entries daily and flagging shipments for physical inspection with calibrated probability estimates.","Design a research agenda to advance Gradient Boosting methodology specifically for high-stakes enterprise applications, proposing three novel experimental studies that would yield actionable insights for production practitioners."
Gradient Boosting,"Gradient Boosting constructs an additive ensemble of weak learners (typically shallow decision trees) by iteratively fitting each new tree to the negative gradient of the loss function, correcting residual errors of the ensemble. Implementations like XGBoost, LightGBM, and CatBoost introduce regularization, histogram-based split finding, and GPU acceleration. Key hyperparameters include learning rate (shrinkage), n_estimators, max_depth, subsample, and colsample_bytree. Gradient boosting consistently outperforms other tabular data methods in Kaggle competitions and is widely deployed in industry for ranking, fraud detection, and click-through rate prediction.",Create,A climate tech company uses gradient boosting on satellite and ground station data to produce high-resolution solar irradiance forecasts for utility-scale solar farm dispatch optimization.,"Construct a comprehensive MLOps framework tailored for Gradient Boosting deployment in this context, covering the full model lifecycle: data versioning, experiment tracking, automated retraining triggers, A/B testing infrastructure, and incident response playbooks."
Gradient Boosting,"Gradient Boosting constructs an additive ensemble of weak learners (typically shallow decision trees) by iteratively fitting each new tree to the negative gradient of the loss function, correcting residual errors of the ensemble. Implementations like XGBoost, LightGBM, and CatBoost introduce regularization, histogram-based split finding, and GPU acceleration. Key hyperparameters include learning rate (shrinkage), n_estimators, max_depth, subsample, and colsample_bytree. Gradient boosting consistently outperforms other tabular data methods in Kaggle competitions and is widely deployed in industry for ranking, fraud detection, and click-through rate prediction.",Create,"An academic medical center builds LightGBM models to predict 30-day hospital readmission risk from discharge summaries, vitals, and medication lists, informing care transition interventions.","Formulate a hybrid modeling strategy that combines Gradient Boosting with complementary methods to overcome its core weaknesses in this context, specifying the technical integration architecture, the decision boundaries between model components, and the validation protocol for the composite system."
Principal Component Analysis,"Principal Component Analysis (PCA) is an unsupervised linear dimensionality reduction technique that projects data onto orthogonal directions of maximum variance (principal components) derived from the eigendecomposition of the sample covariance matrix. It reduces redundancy, noise, and computational cost while enabling 2D/3D visualization of high-dimensional data. Key considerations include standardization preprocessing, explained variance ratio selection, interpretability of loadings, and the distinction from Factor Analysis. Kernel PCA extends the method to non-linear manifolds. PCA is foundational in genomics, finance, signal processing, and as a preprocessing step for downstream ML models.",Remember,A high-energy physics experiment at CERN applies PCA to reduce petabyte-scale particle collision event data to a manageable feature space for anomaly detection of rare decay signatures.,"In the context of deploying Principal Component Analysis within energy, enumerate the fundamental mathematical assumptions and algorithmic constraints that must be verified prior to model selection."
Principal Component Analysis,"Principal Component Analysis (PCA) is an unsupervised linear dimensionality reduction technique that projects data onto orthogonal directions of maximum variance (principal components) derived from the eigendecomposition of the sample covariance matrix. It reduces redundancy, noise, and computational cost while enabling 2D/3D visualization of high-dimensional data. Key considerations include standardization preprocessing, explained variance ratio selection, interpretability of loadings, and the distinction from Factor Analysis. Kernel PCA extends the method to non-linear manifolds. PCA is foundational in genomics, finance, signal processing, and as a preprocessing step for downstream ML models.",Remember,"A financial risk manager uses PCA to decompose the covariance structure of a 500-asset equity portfolio, identifying latent risk factors that explain cross-asset correlation regimes during market stress.","A data science team onboarding to a enterprise project requests a comprehensive taxonomy of the core components, parameters, and operational boundaries that define Principal Component Analysis."
Principal Component Analysis,"Principal Component Analysis (PCA) is an unsupervised linear dimensionality reduction technique that projects data onto orthogonal directions of maximum variance (principal components) derived from the eigendecomposition of the sample covariance matrix. It reduces redundancy, noise, and computational cost while enabling 2D/3D visualization of high-dimensional data. Key considerations include standardization preprocessing, explained variance ratio selection, interpretability of loadings, and the distinction from Factor Analysis. Kernel PCA extends the method to non-linear manifolds. PCA is foundational in genomics, finance, signal processing, and as a preprocessing step for downstream ML models.",Remember,"A genomics company applies PCA to single-cell RNA sequencing data from tumor biopsies to identify transcriptional heterogeneity within the tumor microenvironment across 100,000+ cells.","Within the regulatory documentation for a enterprise system, specify the defining characteristics of Principal Component Analysis that distinguish it from adjacent methodological approaches."
Principal Component Analysis,"Principal Component Analysis (PCA) is an unsupervised linear dimensionality reduction technique that projects data onto orthogonal directions of maximum variance (principal components) derived from the eigendecomposition of the sample covariance matrix. It reduces redundancy, noise, and computational cost while enabling 2D/3D visualization of high-dimensional data. Key considerations include standardization preprocessing, explained variance ratio selection, interpretability of loadings, and the distinction from Factor Analysis. Kernel PCA extends the method to non-linear manifolds. PCA is foundational in genomics, finance, signal processing, and as a preprocessing step for downstream ML models.",Remember,A satellite telemetry system uses PCA to compress high-dimensional sensor streams from a constellation of 200 Earth observation satellites for bandwidth-constrained downlinks.,Catalogue the essential computational and statistical prerequisites that must be satisfied before Principal Component Analysis can be validly applied within a enterprise operational context.
Principal Component Analysis,"Principal Component Analysis (PCA) is an unsupervised linear dimensionality reduction technique that projects data onto orthogonal directions of maximum variance (principal components) derived from the eigendecomposition of the sample covariance matrix. It reduces redundancy, noise, and computational cost while enabling 2D/3D visualization of high-dimensional data. Key considerations include standardization preprocessing, explained variance ratio selection, interpretability of loadings, and the distinction from Factor Analysis. Kernel PCA extends the method to non-linear manifolds. PCA is foundational in genomics, finance, signal processing, and as a preprocessing step for downstream ML models.",Understand,A high-energy physics experiment at CERN applies PCA to reduce petabyte-scale particle collision event data to a manageable feature space for anomaly detection of rare decay signatures.,"Articulate in precise technical terms how the core learning mechanism of Principal Component Analysis operates under the distributional assumptions present in energy data, specifically addressing what occurs when those assumptions are violated."
Principal Component Analysis,"Principal Component Analysis (PCA) is an unsupervised linear dimensionality reduction technique that projects data onto orthogonal directions of maximum variance (principal components) derived from the eigendecomposition of the sample covariance matrix. It reduces redundancy, noise, and computational cost while enabling 2D/3D visualization of high-dimensional data. Key considerations include standardization preprocessing, explained variance ratio selection, interpretability of loadings, and the distinction from Factor Analysis. Kernel PCA extends the method to non-linear manifolds. PCA is foundational in genomics, finance, signal processing, and as a preprocessing step for downstream ML models.",Understand,"A financial risk manager uses PCA to decompose the covariance structure of a 500-asset equity portfolio, identifying latent risk factors that explain cross-asset correlation regimes during market stress.",A senior ML engineer must brief a cross-functional product team on why Principal Component Analysis exhibits particular failure modes in enterprise applications — explain the underlying statistical rationale for these limitations.
Principal Component Analysis,"Principal Component Analysis (PCA) is an unsupervised linear dimensionality reduction technique that projects data onto orthogonal directions of maximum variance (principal components) derived from the eigendecomposition of the sample covariance matrix. It reduces redundancy, noise, and computational cost while enabling 2D/3D visualization of high-dimensional data. Key considerations include standardization preprocessing, explained variance ratio selection, interpretability of loadings, and the distinction from Factor Analysis. Kernel PCA extends the method to non-linear manifolds. PCA is foundational in genomics, finance, signal processing, and as a preprocessing step for downstream ML models.",Understand,"A genomics company applies PCA to single-cell RNA sequencing data from tumor biopsies to identify transcriptional heterogeneity within the tumor microenvironment across 100,000+ cells.",Construct a conceptual explanation that differentiates the theoretical generalization behavior of Principal Component Analysis from its empirical performance characteristics when deployed in a high-stakes enterprise pipeline.
Principal Component Analysis,"Principal Component Analysis (PCA) is an unsupervised linear dimensionality reduction technique that projects data onto orthogonal directions of maximum variance (principal components) derived from the eigendecomposition of the sample covariance matrix. It reduces redundancy, noise, and computational cost while enabling 2D/3D visualization of high-dimensional data. Key considerations include standardization preprocessing, explained variance ratio selection, interpretability of loadings, and the distinction from Factor Analysis. Kernel PCA extends the method to non-linear manifolds. PCA is foundational in genomics, finance, signal processing, and as a preprocessing step for downstream ML models.",Understand,A satellite telemetry system uses PCA to compress high-dimensional sensor streams from a constellation of 200 Earth observation satellites for bandwidth-constrained downlinks.,Interpret the mathematical intuition behind Principal Component Analysis's core optimization objective and explain how deviations in enterprise data quality would propagate through the model's internal representations.
Principal Component Analysis,"Principal Component Analysis (PCA) is an unsupervised linear dimensionality reduction technique that projects data onto orthogonal directions of maximum variance (principal components) derived from the eigendecomposition of the sample covariance matrix. It reduces redundancy, noise, and computational cost while enabling 2D/3D visualization of high-dimensional data. Key considerations include standardization preprocessing, explained variance ratio selection, interpretability of loadings, and the distinction from Factor Analysis. Kernel PCA extends the method to non-linear manifolds. PCA is foundational in genomics, finance, signal processing, and as a preprocessing step for downstream ML models.",Apply,A high-energy physics experiment at CERN applies PCA to reduce petabyte-scale particle collision event data to a manageable feature space for anomaly detection of rare decay signatures.,"Given this deployment scenario, outline the complete preprocessing pipeline, feature engineering strategy, and hyperparameter configuration required to deploy Principal Component Analysis as a production-grade component within this system."
Principal Component Analysis,"Principal Component Analysis (PCA) is an unsupervised linear dimensionality reduction technique that projects data onto orthogonal directions of maximum variance (principal components) derived from the eigendecomposition of the sample covariance matrix. It reduces redundancy, noise, and computational cost while enabling 2D/3D visualization of high-dimensional data. Key considerations include standardization preprocessing, explained variance ratio selection, interpretability of loadings, and the distinction from Factor Analysis. Kernel PCA extends the method to non-linear manifolds. PCA is foundational in genomics, finance, signal processing, and as a preprocessing step for downstream ML models.",Apply,"A financial risk manager uses PCA to decompose the covariance structure of a 500-asset equity portfolio, identifying latent risk factors that explain cross-asset correlation regimes during market stress.","A team inherits a legacy enterprise system using Principal Component Analysis with significant technical debt. Describe the concrete implementation steps to refactor the pipeline for improved reliability, latency, and maintainability."
Principal Component Analysis,"Principal Component Analysis (PCA) is an unsupervised linear dimensionality reduction technique that projects data onto orthogonal directions of maximum variance (principal components) derived from the eigendecomposition of the sample covariance matrix. It reduces redundancy, noise, and computational cost while enabling 2D/3D visualization of high-dimensional data. Key considerations include standardization preprocessing, explained variance ratio selection, interpretability of loadings, and the distinction from Factor Analysis. Kernel PCA extends the method to non-linear manifolds. PCA is foundational in genomics, finance, signal processing, and as a preprocessing step for downstream ML models.",Apply,"A genomics company applies PCA to single-cell RNA sequencing data from tumor biopsies to identify transcriptional heterogeneity within the tumor microenvironment across 100,000+ cells.","Implement a validation framework for Principal Component Analysis in this deployment scenario context, specifying the exact metrics, thresholds, and data split strategies appropriate for the operational constraints and risk profile of this application."
Principal Component Analysis,"Principal Component Analysis (PCA) is an unsupervised linear dimensionality reduction technique that projects data onto orthogonal directions of maximum variance (principal components) derived from the eigendecomposition of the sample covariance matrix. It reduces redundancy, noise, and computational cost while enabling 2D/3D visualization of high-dimensional data. Key considerations include standardization preprocessing, explained variance ratio selection, interpretability of loadings, and the distinction from Factor Analysis. Kernel PCA extends the method to non-linear manifolds. PCA is foundational in genomics, finance, signal processing, and as a preprocessing step for downstream ML models.",Apply,A satellite telemetry system uses PCA to compress high-dimensional sensor streams from a constellation of 200 Earth observation satellites for bandwidth-constrained downlinks.,"Considering this deployment scenario, detail the end-to-end inference pipeline design for Principal Component Analysis, including feature serving, model versioning, monitoring hooks, and fallback mechanisms for production deployment."
Principal Component Analysis,"Principal Component Analysis (PCA) is an unsupervised linear dimensionality reduction technique that projects data onto orthogonal directions of maximum variance (principal components) derived from the eigendecomposition of the sample covariance matrix. It reduces redundancy, noise, and computational cost while enabling 2D/3D visualization of high-dimensional data. Key considerations include standardization preprocessing, explained variance ratio selection, interpretability of loadings, and the distinction from Factor Analysis. Kernel PCA extends the method to non-linear manifolds. PCA is foundational in genomics, finance, signal processing, and as a preprocessing step for downstream ML models.",Analyze,A high-energy physics experiment at CERN applies PCA to reduce petabyte-scale particle collision event data to a manageable feature space for anomaly detection of rare decay signatures.,"In this deployment scenario, the Principal Component Analysis model begins exhibiting significant performance degradation six months after deployment. Conduct a systematic diagnostic analysis identifying the most probable root causes and distinguishing between data drift, concept drift, and model decay hypotheses."
Principal Component Analysis,"Principal Component Analysis (PCA) is an unsupervised linear dimensionality reduction technique that projects data onto orthogonal directions of maximum variance (principal components) derived from the eigendecomposition of the sample covariance matrix. It reduces redundancy, noise, and computational cost while enabling 2D/3D visualization of high-dimensional data. Key considerations include standardization preprocessing, explained variance ratio selection, interpretability of loadings, and the distinction from Factor Analysis. Kernel PCA extends the method to non-linear manifolds. PCA is foundational in genomics, finance, signal processing, and as a preprocessing step for downstream ML models.",Analyze,"A financial risk manager uses PCA to decompose the covariance structure of a 500-asset equity portfolio, identifying latent risk factors that explain cross-asset correlation regimes during market stress.","Critically compare the architectural trade-offs between Principal Component Analysis and two alternative algorithmic families for this deployment scenario use case, analyzing computational complexity, interpretability requirements, uncertainty quantification capacity, and regulatory compliance constraints."
Principal Component Analysis,"Principal Component Analysis (PCA) is an unsupervised linear dimensionality reduction technique that projects data onto orthogonal directions of maximum variance (principal components) derived from the eigendecomposition of the sample covariance matrix. It reduces redundancy, noise, and computational cost while enabling 2D/3D visualization of high-dimensional data. Key considerations include standardization preprocessing, explained variance ratio selection, interpretability of loadings, and the distinction from Factor Analysis. Kernel PCA extends the method to non-linear manifolds. PCA is foundational in genomics, finance, signal processing, and as a preprocessing step for downstream ML models.",Analyze,"A genomics company applies PCA to single-cell RNA sequencing data from tumor biopsies to identify transcriptional heterogeneity within the tumor microenvironment across 100,000+ cells.","Decompose the potential failure modes of Principal Component Analysis in this deployment scenario context into data-quality failures, distributional shift failures, model specification failures, and deployment infrastructure failures, and analyze the downstream business and safety consequences of each."
Principal Component Analysis,"Principal Component Analysis (PCA) is an unsupervised linear dimensionality reduction technique that projects data onto orthogonal directions of maximum variance (principal components) derived from the eigendecomposition of the sample covariance matrix. It reduces redundancy, noise, and computational cost while enabling 2D/3D visualization of high-dimensional data. Key considerations include standardization preprocessing, explained variance ratio selection, interpretability of loadings, and the distinction from Factor Analysis. Kernel PCA extends the method to non-linear manifolds. PCA is foundational in genomics, finance, signal processing, and as a preprocessing step for downstream ML models.",Analyze,A satellite telemetry system uses PCA to compress high-dimensional sensor streams from a constellation of 200 Earth observation satellites for bandwidth-constrained downlinks.,"Examine the interaction effects between Principal Component Analysis's core assumptions and the specific data-generating process in this context, identifying which assumption violations are benign, which are correctable, and which would fundamentally invalidate the modeling approach."
Principal Component Analysis,"Principal Component Analysis (PCA) is an unsupervised linear dimensionality reduction technique that projects data onto orthogonal directions of maximum variance (principal components) derived from the eigendecomposition of the sample covariance matrix. It reduces redundancy, noise, and computational cost while enabling 2D/3D visualization of high-dimensional data. Key considerations include standardization preprocessing, explained variance ratio selection, interpretability of loadings, and the distinction from Factor Analysis. Kernel PCA extends the method to non-linear manifolds. PCA is foundational in genomics, finance, signal processing, and as a preprocessing step for downstream ML models.",Evaluate,A high-energy physics experiment at CERN applies PCA to reduce petabyte-scale particle collision event data to a manageable feature space for anomaly detection of rare decay signatures.,"In this deployment scenario, multiple ML teams are advocating for Principal Component Analysis as the production system. Formulate a rigorous evaluation framework that quantifies not only predictive performance but also business value, operational risk, fairness, interpretability, and total cost of ownership."
Principal Component Analysis,"Principal Component Analysis (PCA) is an unsupervised linear dimensionality reduction technique that projects data onto orthogonal directions of maximum variance (principal components) derived from the eigendecomposition of the sample covariance matrix. It reduces redundancy, noise, and computational cost while enabling 2D/3D visualization of high-dimensional data. Key considerations include standardization preprocessing, explained variance ratio selection, interpretability of loadings, and the distinction from Factor Analysis. Kernel PCA extends the method to non-linear manifolds. PCA is foundational in genomics, finance, signal processing, and as a preprocessing step for downstream ML models.",Evaluate,"A financial risk manager uses PCA to decompose the covariance structure of a 500-asset equity portfolio, identifying latent risk factors that explain cross-asset correlation regimes during market stress.","Critically assess the deployment readiness of a Principal Component Analysis model in this deployment scenario context, evaluating the model's robustness to adversarial inputs, its calibration quality, its behavior under distribution shift, and the adequacy of its monitoring instrumentation."
Principal Component Analysis,"Principal Component Analysis (PCA) is an unsupervised linear dimensionality reduction technique that projects data onto orthogonal directions of maximum variance (principal components) derived from the eigendecomposition of the sample covariance matrix. It reduces redundancy, noise, and computational cost while enabling 2D/3D visualization of high-dimensional data. Key considerations include standardization preprocessing, explained variance ratio selection, interpretability of loadings, and the distinction from Factor Analysis. Kernel PCA extends the method to non-linear manifolds. PCA is foundational in genomics, finance, signal processing, and as a preprocessing step for downstream ML models.",Evaluate,"A genomics company applies PCA to single-cell RNA sequencing data from tumor biopsies to identify transcriptional heterogeneity within the tumor microenvironment across 100,000+ cells.","A regulatory body is reviewing the use of Principal Component Analysis in this context. Argue for or against the model's fitness for purpose, substantiating your position with specific evidence criteria, acceptable risk thresholds, and the consequences of both Type I and Type II decision errors."
Principal Component Analysis,"Principal Component Analysis (PCA) is an unsupervised linear dimensionality reduction technique that projects data onto orthogonal directions of maximum variance (principal components) derived from the eigendecomposition of the sample covariance matrix. It reduces redundancy, noise, and computational cost while enabling 2D/3D visualization of high-dimensional data. Key considerations include standardization preprocessing, explained variance ratio selection, interpretability of loadings, and the distinction from Factor Analysis. Kernel PCA extends the method to non-linear manifolds. PCA is foundational in genomics, finance, signal processing, and as a preprocessing step for downstream ML models.",Evaluate,A satellite telemetry system uses PCA to compress high-dimensional sensor streams from a constellation of 200 Earth observation satellites for bandwidth-constrained downlinks.,"Evaluate the long-term sustainability of a Principal Component Analysis-based solution for this use case, considering model decay trajectories, retraining cost structures, data governance requirements, and the ethical implications of scaled automated decision-making in this domain."
Principal Component Analysis,"Principal Component Analysis (PCA) is an unsupervised linear dimensionality reduction technique that projects data onto orthogonal directions of maximum variance (principal components) derived from the eigendecomposition of the sample covariance matrix. It reduces redundancy, noise, and computational cost while enabling 2D/3D visualization of high-dimensional data. Key considerations include standardization preprocessing, explained variance ratio selection, interpretability of loadings, and the distinction from Factor Analysis. Kernel PCA extends the method to non-linear manifolds. PCA is foundational in genomics, finance, signal processing, and as a preprocessing step for downstream ML models.",Create,A high-energy physics experiment at CERN applies PCA to reduce petabyte-scale particle collision event data to a manageable feature space for anomaly detection of rare decay signatures.,"Architect a novel ML system for this use case that addresses the key limitations of standard Principal Component Analysis implementations, incorporating uncertainty quantification, fairness constraints, concept drift adaptation, and human-in-the-loop oversight mechanisms."
Principal Component Analysis,"Principal Component Analysis (PCA) is an unsupervised linear dimensionality reduction technique that projects data onto orthogonal directions of maximum variance (principal components) derived from the eigendecomposition of the sample covariance matrix. It reduces redundancy, noise, and computational cost while enabling 2D/3D visualization of high-dimensional data. Key considerations include standardization preprocessing, explained variance ratio selection, interpretability of loadings, and the distinction from Factor Analysis. Kernel PCA extends the method to non-linear manifolds. PCA is foundational in genomics, finance, signal processing, and as a preprocessing step for downstream ML models.",Create,"A financial risk manager uses PCA to decompose the covariance structure of a 500-asset equity portfolio, identifying latent risk factors that explain cross-asset correlation regimes during market stress.","Design a research agenda to advance Principal Component Analysis methodology specifically for high-stakes enterprise applications, proposing three novel experimental studies that would yield actionable insights for production practitioners."
Principal Component Analysis,"Principal Component Analysis (PCA) is an unsupervised linear dimensionality reduction technique that projects data onto orthogonal directions of maximum variance (principal components) derived from the eigendecomposition of the sample covariance matrix. It reduces redundancy, noise, and computational cost while enabling 2D/3D visualization of high-dimensional data. Key considerations include standardization preprocessing, explained variance ratio selection, interpretability of loadings, and the distinction from Factor Analysis. Kernel PCA extends the method to non-linear manifolds. PCA is foundational in genomics, finance, signal processing, and as a preprocessing step for downstream ML models.",Create,"A genomics company applies PCA to single-cell RNA sequencing data from tumor biopsies to identify transcriptional heterogeneity within the tumor microenvironment across 100,000+ cells.","Construct a comprehensive MLOps framework tailored for Principal Component Analysis deployment in this context, covering the full model lifecycle: data versioning, experiment tracking, automated retraining triggers, A/B testing infrastructure, and incident response playbooks."
Principal Component Analysis,"Principal Component Analysis (PCA) is an unsupervised linear dimensionality reduction technique that projects data onto orthogonal directions of maximum variance (principal components) derived from the eigendecomposition of the sample covariance matrix. It reduces redundancy, noise, and computational cost while enabling 2D/3D visualization of high-dimensional data. Key considerations include standardization preprocessing, explained variance ratio selection, interpretability of loadings, and the distinction from Factor Analysis. Kernel PCA extends the method to non-linear manifolds. PCA is foundational in genomics, finance, signal processing, and as a preprocessing step for downstream ML models.",Create,A satellite telemetry system uses PCA to compress high-dimensional sensor streams from a constellation of 200 Earth observation satellites for bandwidth-constrained downlinks.,"Formulate a hybrid modeling strategy that combines Principal Component Analysis with complementary methods to overcome its core weaknesses in this context, specifying the technical integration architecture, the decision boundaries between model components, and the validation protocol for the composite system."
Bayesian Networks,"Bayesian Networks are probabilistic graphical models that represent conditional dependencies among random variables via a directed acyclic graph (DAG), enabling structured reasoning under uncertainty. The joint probability distribution factorizes according to the graph's Markov conditions. Parameter learning (MLE, MAP, Bayesian estimation) and structure learning (score-based, constraint-based, hybrid methods) are the two core inference challenges. Belief propagation and junction tree algorithms enable exact inference in polytree structures, while MCMC methods handle intractable posteriors. Bayesian Networks excel in causal reasoning, fault diagnosis, clinical decision support, and domains requiring transparent, explainable probabilistic reasoning.",Remember,A nuclear power plant safety system uses Bayesian networks to model probabilistic fault propagation through interdependent mechanical and electronic subsystems for real-time risk assessment.,"In the context of deploying Bayesian Networks within enterprise, enumerate the fundamental mathematical assumptions and algorithmic constraints that must be verified prior to model selection."
Bayesian Networks,"Bayesian Networks are probabilistic graphical models that represent conditional dependencies among random variables via a directed acyclic graph (DAG), enabling structured reasoning under uncertainty. The joint probability distribution factorizes according to the graph's Markov conditions. Parameter learning (MLE, MAP, Bayesian estimation) and structure learning (score-based, constraint-based, hybrid methods) are the two core inference challenges. Belief propagation and junction tree algorithms enable exact inference in polytree structures, while MCMC methods handle intractable posteriors. Bayesian Networks excel in causal reasoning, fault diagnosis, clinical decision support, and domains requiring transparent, explainable probabilistic reasoning.",Remember,A clinical decision support tool uses Bayesian networks to integrate prior probabilities from population epidemiology with patient-specific diagnostic test results to recommend differential diagnoses.,"A data science team onboarding to a enterprise project requests a comprehensive taxonomy of the core components, parameters, and operational boundaries that define Bayesian Networks."
Bayesian Networks,"Bayesian Networks are probabilistic graphical models that represent conditional dependencies among random variables via a directed acyclic graph (DAG), enabling structured reasoning under uncertainty. The joint probability distribution factorizes according to the graph's Markov conditions. Parameter learning (MLE, MAP, Bayesian estimation) and structure learning (score-based, constraint-based, hybrid methods) are the two core inference challenges. Belief propagation and junction tree algorithms enable exact inference in polytree structures, while MCMC methods handle intractable posteriors. Bayesian Networks excel in causal reasoning, fault diagnosis, clinical decision support, and domains requiring transparent, explainable probabilistic reasoning.",Remember,"An autonomous vehicle perception stack uses Bayesian networks to fuse uncertain outputs from LIDAR, radar, and camera sensors under adverse weather conditions for robust object tracking.","Within the regulatory documentation for a enterprise system, specify the defining characteristics of Bayesian Networks that distinguish it from adjacent methodological approaches."
Bayesian Networks,"Bayesian Networks are probabilistic graphical models that represent conditional dependencies among random variables via a directed acyclic graph (DAG), enabling structured reasoning under uncertainty. The joint probability distribution factorizes according to the graph's Markov conditions. Parameter learning (MLE, MAP, Bayesian estimation) and structure learning (score-based, constraint-based, hybrid methods) are the two core inference challenges. Belief propagation and junction tree algorithms enable exact inference in polytree structures, while MCMC methods handle intractable posteriors. Bayesian Networks excel in causal reasoning, fault diagnosis, clinical decision support, and domains requiring transparent, explainable probabilistic reasoning.",Remember,"A cybersecurity threat intelligence platform builds Bayesian networks to model attacker kill chains, updating posterior probabilities of advanced persistent threat (APT) campaign stages from network telemetry.",Catalogue the essential computational and statistical prerequisites that must be satisfied before Bayesian Networks can be validly applied within a cybersecurity operational context.
Bayesian Networks,"Bayesian Networks are probabilistic graphical models that represent conditional dependencies among random variables via a directed acyclic graph (DAG), enabling structured reasoning under uncertainty. The joint probability distribution factorizes according to the graph's Markov conditions. Parameter learning (MLE, MAP, Bayesian estimation) and structure learning (score-based, constraint-based, hybrid methods) are the two core inference challenges. Belief propagation and junction tree algorithms enable exact inference in polytree structures, while MCMC methods handle intractable posteriors. Bayesian Networks excel in causal reasoning, fault diagnosis, clinical decision support, and domains requiring transparent, explainable probabilistic reasoning.",Understand,A nuclear power plant safety system uses Bayesian networks to model probabilistic fault propagation through interdependent mechanical and electronic subsystems for real-time risk assessment.,"Articulate in precise technical terms how the core learning mechanism of Bayesian Networks operates under the distributional assumptions present in enterprise data, specifically addressing what occurs when those assumptions are violated."
Bayesian Networks,"Bayesian Networks are probabilistic graphical models that represent conditional dependencies among random variables via a directed acyclic graph (DAG), enabling structured reasoning under uncertainty. The joint probability distribution factorizes according to the graph's Markov conditions. Parameter learning (MLE, MAP, Bayesian estimation) and structure learning (score-based, constraint-based, hybrid methods) are the two core inference challenges. Belief propagation and junction tree algorithms enable exact inference in polytree structures, while MCMC methods handle intractable posteriors. Bayesian Networks excel in causal reasoning, fault diagnosis, clinical decision support, and domains requiring transparent, explainable probabilistic reasoning.",Understand,A clinical decision support tool uses Bayesian networks to integrate prior probabilities from population epidemiology with patient-specific diagnostic test results to recommend differential diagnoses.,A senior ML engineer must brief a cross-functional product team on why Bayesian Networks exhibits particular failure modes in enterprise applications — explain the underlying statistical rationale for these limitations.
Bayesian Networks,"Bayesian Networks are probabilistic graphical models that represent conditional dependencies among random variables via a directed acyclic graph (DAG), enabling structured reasoning under uncertainty. The joint probability distribution factorizes according to the graph's Markov conditions. Parameter learning (MLE, MAP, Bayesian estimation) and structure learning (score-based, constraint-based, hybrid methods) are the two core inference challenges. Belief propagation and junction tree algorithms enable exact inference in polytree structures, while MCMC methods handle intractable posteriors. Bayesian Networks excel in causal reasoning, fault diagnosis, clinical decision support, and domains requiring transparent, explainable probabilistic reasoning.",Understand,"An autonomous vehicle perception stack uses Bayesian networks to fuse uncertain outputs from LIDAR, radar, and camera sensors under adverse weather conditions for robust object tracking.",Construct a conceptual explanation that differentiates the theoretical generalization behavior of Bayesian Networks from its empirical performance characteristics when deployed in a high-stakes enterprise pipeline.
Bayesian Networks,"Bayesian Networks are probabilistic graphical models that represent conditional dependencies among random variables via a directed acyclic graph (DAG), enabling structured reasoning under uncertainty. The joint probability distribution factorizes according to the graph's Markov conditions. Parameter learning (MLE, MAP, Bayesian estimation) and structure learning (score-based, constraint-based, hybrid methods) are the two core inference challenges. Belief propagation and junction tree algorithms enable exact inference in polytree structures, while MCMC methods handle intractable posteriors. Bayesian Networks excel in causal reasoning, fault diagnosis, clinical decision support, and domains requiring transparent, explainable probabilistic reasoning.",Understand,"A cybersecurity threat intelligence platform builds Bayesian networks to model attacker kill chains, updating posterior probabilities of advanced persistent threat (APT) campaign stages from network telemetry.",Interpret the mathematical intuition behind Bayesian Networks's core optimization objective and explain how deviations in cybersecurity data quality would propagate through the model's internal representations.
Bayesian Networks,"Bayesian Networks are probabilistic graphical models that represent conditional dependencies among random variables via a directed acyclic graph (DAG), enabling structured reasoning under uncertainty. The joint probability distribution factorizes according to the graph's Markov conditions. Parameter learning (MLE, MAP, Bayesian estimation) and structure learning (score-based, constraint-based, hybrid methods) are the two core inference challenges. Belief propagation and junction tree algorithms enable exact inference in polytree structures, while MCMC methods handle intractable posteriors. Bayesian Networks excel in causal reasoning, fault diagnosis, clinical decision support, and domains requiring transparent, explainable probabilistic reasoning.",Apply,A nuclear power plant safety system uses Bayesian networks to model probabilistic fault propagation through interdependent mechanical and electronic subsystems for real-time risk assessment.,"Given this deployment scenario, outline the complete preprocessing pipeline, feature engineering strategy, and hyperparameter configuration required to deploy Bayesian Networks as a production-grade component within this system."
Bayesian Networks,"Bayesian Networks are probabilistic graphical models that represent conditional dependencies among random variables via a directed acyclic graph (DAG), enabling structured reasoning under uncertainty. The joint probability distribution factorizes according to the graph's Markov conditions. Parameter learning (MLE, MAP, Bayesian estimation) and structure learning (score-based, constraint-based, hybrid methods) are the two core inference challenges. Belief propagation and junction tree algorithms enable exact inference in polytree structures, while MCMC methods handle intractable posteriors. Bayesian Networks excel in causal reasoning, fault diagnosis, clinical decision support, and domains requiring transparent, explainable probabilistic reasoning.",Apply,A clinical decision support tool uses Bayesian networks to integrate prior probabilities from population epidemiology with patient-specific diagnostic test results to recommend differential diagnoses.,"A team inherits a legacy enterprise system using Bayesian Networks with significant technical debt. Describe the concrete implementation steps to refactor the pipeline for improved reliability, latency, and maintainability."
Bayesian Networks,"Bayesian Networks are probabilistic graphical models that represent conditional dependencies among random variables via a directed acyclic graph (DAG), enabling structured reasoning under uncertainty. The joint probability distribution factorizes according to the graph's Markov conditions. Parameter learning (MLE, MAP, Bayesian estimation) and structure learning (score-based, constraint-based, hybrid methods) are the two core inference challenges. Belief propagation and junction tree algorithms enable exact inference in polytree structures, while MCMC methods handle intractable posteriors. Bayesian Networks excel in causal reasoning, fault diagnosis, clinical decision support, and domains requiring transparent, explainable probabilistic reasoning.",Apply,"An autonomous vehicle perception stack uses Bayesian networks to fuse uncertain outputs from LIDAR, radar, and camera sensors under adverse weather conditions for robust object tracking.","Implement a validation framework for Bayesian Networks in this deployment scenario context, specifying the exact metrics, thresholds, and data split strategies appropriate for the operational constraints and risk profile of this application."
Bayesian Networks,"Bayesian Networks are probabilistic graphical models that represent conditional dependencies among random variables via a directed acyclic graph (DAG), enabling structured reasoning under uncertainty. The joint probability distribution factorizes according to the graph's Markov conditions. Parameter learning (MLE, MAP, Bayesian estimation) and structure learning (score-based, constraint-based, hybrid methods) are the two core inference challenges. Belief propagation and junction tree algorithms enable exact inference in polytree structures, while MCMC methods handle intractable posteriors. Bayesian Networks excel in causal reasoning, fault diagnosis, clinical decision support, and domains requiring transparent, explainable probabilistic reasoning.",Apply,"A cybersecurity threat intelligence platform builds Bayesian networks to model attacker kill chains, updating posterior probabilities of advanced persistent threat (APT) campaign stages from network telemetry.","Considering this deployment scenario, detail the end-to-end inference pipeline design for Bayesian Networks, including feature serving, model versioning, monitoring hooks, and fallback mechanisms for production deployment."
Bayesian Networks,"Bayesian Networks are probabilistic graphical models that represent conditional dependencies among random variables via a directed acyclic graph (DAG), enabling structured reasoning under uncertainty. The joint probability distribution factorizes according to the graph's Markov conditions. Parameter learning (MLE, MAP, Bayesian estimation) and structure learning (score-based, constraint-based, hybrid methods) are the two core inference challenges. Belief propagation and junction tree algorithms enable exact inference in polytree structures, while MCMC methods handle intractable posteriors. Bayesian Networks excel in causal reasoning, fault diagnosis, clinical decision support, and domains requiring transparent, explainable probabilistic reasoning.",Analyze,A nuclear power plant safety system uses Bayesian networks to model probabilistic fault propagation through interdependent mechanical and electronic subsystems for real-time risk assessment.,"In this deployment scenario, the Bayesian Networks model begins exhibiting significant performance degradation six months after deployment. Conduct a systematic diagnostic analysis identifying the most probable root causes and distinguishing between data drift, concept drift, and model decay hypotheses."
Bayesian Networks,"Bayesian Networks are probabilistic graphical models that represent conditional dependencies among random variables via a directed acyclic graph (DAG), enabling structured reasoning under uncertainty. The joint probability distribution factorizes according to the graph's Markov conditions. Parameter learning (MLE, MAP, Bayesian estimation) and structure learning (score-based, constraint-based, hybrid methods) are the two core inference challenges. Belief propagation and junction tree algorithms enable exact inference in polytree structures, while MCMC methods handle intractable posteriors. Bayesian Networks excel in causal reasoning, fault diagnosis, clinical decision support, and domains requiring transparent, explainable probabilistic reasoning.",Analyze,A clinical decision support tool uses Bayesian networks to integrate prior probabilities from population epidemiology with patient-specific diagnostic test results to recommend differential diagnoses.,"Critically compare the architectural trade-offs between Bayesian Networks and two alternative algorithmic families for this deployment scenario use case, analyzing computational complexity, interpretability requirements, uncertainty quantification capacity, and regulatory compliance constraints."
Bayesian Networks,"Bayesian Networks are probabilistic graphical models that represent conditional dependencies among random variables via a directed acyclic graph (DAG), enabling structured reasoning under uncertainty. The joint probability distribution factorizes according to the graph's Markov conditions. Parameter learning (MLE, MAP, Bayesian estimation) and structure learning (score-based, constraint-based, hybrid methods) are the two core inference challenges. Belief propagation and junction tree algorithms enable exact inference in polytree structures, while MCMC methods handle intractable posteriors. Bayesian Networks excel in causal reasoning, fault diagnosis, clinical decision support, and domains requiring transparent, explainable probabilistic reasoning.",Analyze,"An autonomous vehicle perception stack uses Bayesian networks to fuse uncertain outputs from LIDAR, radar, and camera sensors under adverse weather conditions for robust object tracking.","Decompose the potential failure modes of Bayesian Networks in this deployment scenario context into data-quality failures, distributional shift failures, model specification failures, and deployment infrastructure failures, and analyze the downstream business and safety consequences of each."
Bayesian Networks,"Bayesian Networks are probabilistic graphical models that represent conditional dependencies among random variables via a directed acyclic graph (DAG), enabling structured reasoning under uncertainty. The joint probability distribution factorizes according to the graph's Markov conditions. Parameter learning (MLE, MAP, Bayesian estimation) and structure learning (score-based, constraint-based, hybrid methods) are the two core inference challenges. Belief propagation and junction tree algorithms enable exact inference in polytree structures, while MCMC methods handle intractable posteriors. Bayesian Networks excel in causal reasoning, fault diagnosis, clinical decision support, and domains requiring transparent, explainable probabilistic reasoning.",Analyze,"A cybersecurity threat intelligence platform builds Bayesian networks to model attacker kill chains, updating posterior probabilities of advanced persistent threat (APT) campaign stages from network telemetry.","Examine the interaction effects between Bayesian Networks's core assumptions and the specific data-generating process in this context, identifying which assumption violations are benign, which are correctable, and which would fundamentally invalidate the modeling approach."
Bayesian Networks,"Bayesian Networks are probabilistic graphical models that represent conditional dependencies among random variables via a directed acyclic graph (DAG), enabling structured reasoning under uncertainty. The joint probability distribution factorizes according to the graph's Markov conditions. Parameter learning (MLE, MAP, Bayesian estimation) and structure learning (score-based, constraint-based, hybrid methods) are the two core inference challenges. Belief propagation and junction tree algorithms enable exact inference in polytree structures, while MCMC methods handle intractable posteriors. Bayesian Networks excel in causal reasoning, fault diagnosis, clinical decision support, and domains requiring transparent, explainable probabilistic reasoning.",Evaluate,A nuclear power plant safety system uses Bayesian networks to model probabilistic fault propagation through interdependent mechanical and electronic subsystems for real-time risk assessment.,"In this deployment scenario, multiple ML teams are advocating for Bayesian Networks as the production system. Formulate a rigorous evaluation framework that quantifies not only predictive performance but also business value, operational risk, fairness, interpretability, and total cost of ownership."
Bayesian Networks,"Bayesian Networks are probabilistic graphical models that represent conditional dependencies among random variables via a directed acyclic graph (DAG), enabling structured reasoning under uncertainty. The joint probability distribution factorizes according to the graph's Markov conditions. Parameter learning (MLE, MAP, Bayesian estimation) and structure learning (score-based, constraint-based, hybrid methods) are the two core inference challenges. Belief propagation and junction tree algorithms enable exact inference in polytree structures, while MCMC methods handle intractable posteriors. Bayesian Networks excel in causal reasoning, fault diagnosis, clinical decision support, and domains requiring transparent, explainable probabilistic reasoning.",Evaluate,A clinical decision support tool uses Bayesian networks to integrate prior probabilities from population epidemiology with patient-specific diagnostic test results to recommend differential diagnoses.,"Critically assess the deployment readiness of a Bayesian Networks model in this deployment scenario context, evaluating the model's robustness to adversarial inputs, its calibration quality, its behavior under distribution shift, and the adequacy of its monitoring instrumentation."
Bayesian Networks,"Bayesian Networks are probabilistic graphical models that represent conditional dependencies among random variables via a directed acyclic graph (DAG), enabling structured reasoning under uncertainty. The joint probability distribution factorizes according to the graph's Markov conditions. Parameter learning (MLE, MAP, Bayesian estimation) and structure learning (score-based, constraint-based, hybrid methods) are the two core inference challenges. Belief propagation and junction tree algorithms enable exact inference in polytree structures, while MCMC methods handle intractable posteriors. Bayesian Networks excel in causal reasoning, fault diagnosis, clinical decision support, and domains requiring transparent, explainable probabilistic reasoning.",Evaluate,"An autonomous vehicle perception stack uses Bayesian networks to fuse uncertain outputs from LIDAR, radar, and camera sensors under adverse weather conditions for robust object tracking.","A regulatory body is reviewing the use of Bayesian Networks in this context. Argue for or against the model's fitness for purpose, substantiating your position with specific evidence criteria, acceptable risk thresholds, and the consequences of both Type I and Type II decision errors."
Bayesian Networks,"Bayesian Networks are probabilistic graphical models that represent conditional dependencies among random variables via a directed acyclic graph (DAG), enabling structured reasoning under uncertainty. The joint probability distribution factorizes according to the graph's Markov conditions. Parameter learning (MLE, MAP, Bayesian estimation) and structure learning (score-based, constraint-based, hybrid methods) are the two core inference challenges. Belief propagation and junction tree algorithms enable exact inference in polytree structures, while MCMC methods handle intractable posteriors. Bayesian Networks excel in causal reasoning, fault diagnosis, clinical decision support, and domains requiring transparent, explainable probabilistic reasoning.",Evaluate,"A cybersecurity threat intelligence platform builds Bayesian networks to model attacker kill chains, updating posterior probabilities of advanced persistent threat (APT) campaign stages from network telemetry.","Evaluate the long-term sustainability of a Bayesian Networks-based solution for this use case, considering model decay trajectories, retraining cost structures, data governance requirements, and the ethical implications of scaled automated decision-making in this domain."
Bayesian Networks,"Bayesian Networks are probabilistic graphical models that represent conditional dependencies among random variables via a directed acyclic graph (DAG), enabling structured reasoning under uncertainty. The joint probability distribution factorizes according to the graph's Markov conditions. Parameter learning (MLE, MAP, Bayesian estimation) and structure learning (score-based, constraint-based, hybrid methods) are the two core inference challenges. Belief propagation and junction tree algorithms enable exact inference in polytree structures, while MCMC methods handle intractable posteriors. Bayesian Networks excel in causal reasoning, fault diagnosis, clinical decision support, and domains requiring transparent, explainable probabilistic reasoning.",Create,A nuclear power plant safety system uses Bayesian networks to model probabilistic fault propagation through interdependent mechanical and electronic subsystems for real-time risk assessment.,"Architect a novel ML system for this use case that addresses the key limitations of standard Bayesian Networks implementations, incorporating uncertainty quantification, fairness constraints, concept drift adaptation, and human-in-the-loop oversight mechanisms."
Bayesian Networks,"Bayesian Networks are probabilistic graphical models that represent conditional dependencies among random variables via a directed acyclic graph (DAG), enabling structured reasoning under uncertainty. The joint probability distribution factorizes according to the graph's Markov conditions. Parameter learning (MLE, MAP, Bayesian estimation) and structure learning (score-based, constraint-based, hybrid methods) are the two core inference challenges. Belief propagation and junction tree algorithms enable exact inference in polytree structures, while MCMC methods handle intractable posteriors. Bayesian Networks excel in causal reasoning, fault diagnosis, clinical decision support, and domains requiring transparent, explainable probabilistic reasoning.",Create,A clinical decision support tool uses Bayesian networks to integrate prior probabilities from population epidemiology with patient-specific diagnostic test results to recommend differential diagnoses.,"Design a research agenda to advance Bayesian Networks methodology specifically for high-stakes enterprise applications, proposing three novel experimental studies that would yield actionable insights for production practitioners."
Bayesian Networks,"Bayesian Networks are probabilistic graphical models that represent conditional dependencies among random variables via a directed acyclic graph (DAG), enabling structured reasoning under uncertainty. The joint probability distribution factorizes according to the graph's Markov conditions. Parameter learning (MLE, MAP, Bayesian estimation) and structure learning (score-based, constraint-based, hybrid methods) are the two core inference challenges. Belief propagation and junction tree algorithms enable exact inference in polytree structures, while MCMC methods handle intractable posteriors. Bayesian Networks excel in causal reasoning, fault diagnosis, clinical decision support, and domains requiring transparent, explainable probabilistic reasoning.",Create,"An autonomous vehicle perception stack uses Bayesian networks to fuse uncertain outputs from LIDAR, radar, and camera sensors under adverse weather conditions for robust object tracking.","Construct a comprehensive MLOps framework tailored for Bayesian Networks deployment in this context, covering the full model lifecycle: data versioning, experiment tracking, automated retraining triggers, A/B testing infrastructure, and incident response playbooks."
Bayesian Networks,"Bayesian Networks are probabilistic graphical models that represent conditional dependencies among random variables via a directed acyclic graph (DAG), enabling structured reasoning under uncertainty. The joint probability distribution factorizes according to the graph's Markov conditions. Parameter learning (MLE, MAP, Bayesian estimation) and structure learning (score-based, constraint-based, hybrid methods) are the two core inference challenges. Belief propagation and junction tree algorithms enable exact inference in polytree structures, while MCMC methods handle intractable posteriors. Bayesian Networks excel in causal reasoning, fault diagnosis, clinical decision support, and domains requiring transparent, explainable probabilistic reasoning.",Create,"A cybersecurity threat intelligence platform builds Bayesian networks to model attacker kill chains, updating posterior probabilities of advanced persistent threat (APT) campaign stages from network telemetry.","Formulate a hybrid modeling strategy that combines Bayesian Networks with complementary methods to overcome its core weaknesses in this context, specifying the technical integration architecture, the decision boundaries between model components, and the validation protocol for the composite system."
Autoencoders,"Autoencoders are neural networks trained to encode inputs into a compressed latent representation and reconstruct the original input, learning efficient data representations in an unsupervised manner. Variants include sparse autoencoders (L1 regularization on activations), denoising autoencoders (corrupted input reconstruction), contractive autoencoders, and Variational Autoencoders (VAEs) that impose a structured probabilistic prior on the latent space. Applications span anomaly detection, dimensionality reduction, generative modeling, representation learning, and data augmentation. The reconstruction error serves as a natural anomaly score in unsupervised defect detection and intrusion detection systems.",Remember,A semiconductor company trains autoencoders on golden wafer process signatures to detect anomalous fabrication runs from high-dimensional spectrometry data without labeled defect examples.,"In the context of deploying Autoencoders within enterprise, enumerate the fundamental mathematical assumptions and algorithmic constraints that must be verified prior to model selection."
Autoencoders,"Autoencoders are neural networks trained to encode inputs into a compressed latent representation and reconstruct the original input, learning efficient data representations in an unsupervised manner. Variants include sparse autoencoders (L1 regularization on activations), denoising autoencoders (corrupted input reconstruction), contractive autoencoders, and Variational Autoencoders (VAEs) that impose a structured probabilistic prior on the latent space. Applications span anomaly detection, dimensionality reduction, generative modeling, representation learning, and data augmentation. The reconstruction error serves as a natural anomaly score in unsupervised defect detection and intrusion detection systems.",Remember,"A financial compliance team deploys variational autoencoders to learn a latent representation of normal trading behavior, flagging outliers that may indicate rogue trading or insider activity.","A data science team onboarding to a enterprise project requests a comprehensive taxonomy of the core components, parameters, and operational boundaries that define Autoencoders."
Autoencoders,"Autoencoders are neural networks trained to encode inputs into a compressed latent representation and reconstruct the original input, learning efficient data representations in an unsupervised manner. Variants include sparse autoencoders (L1 regularization on activations), denoising autoencoders (corrupted input reconstruction), contractive autoencoders, and Variational Autoencoders (VAEs) that impose a structured probabilistic prior on the latent space. Applications span anomaly detection, dimensionality reduction, generative modeling, representation learning, and data augmentation. The reconstruction error serves as a natural anomaly score in unsupervised defect detection and intrusion detection systems.",Remember,A telematics insurance company uses autoencoders to compress raw driving telemetry (300+ Hz sensor data) into compact behavioral embeddings for real-time risk scoring without labeled crash data.,"Within the regulatory documentation for a enterprise system, specify the defining characteristics of Autoencoders that distinguish it from adjacent methodological approaches."
Autoencoders,"Autoencoders are neural networks trained to encode inputs into a compressed latent representation and reconstruct the original input, learning efficient data representations in an unsupervised manner. Variants include sparse autoencoders (L1 regularization on activations), denoising autoencoders (corrupted input reconstruction), contractive autoencoders, and Variational Autoencoders (VAEs) that impose a structured probabilistic prior on the latent space. Applications span anomaly detection, dimensionality reduction, generative modeling, representation learning, and data augmentation. The reconstruction error serves as a natural anomaly score in unsupervised defect detection and intrusion detection systems.",Remember,"A medical imaging startup trains autoencoders on retinal OCT scans to learn unsupervised representations of normal retinal layers, enabling detection of rare pathologies absent from training labels.",Catalogue the essential computational and statistical prerequisites that must be satisfied before Autoencoders can be validly applied within a enterprise operational context.
Autoencoders,"Autoencoders are neural networks trained to encode inputs into a compressed latent representation and reconstruct the original input, learning efficient data representations in an unsupervised manner. Variants include sparse autoencoders (L1 regularization on activations), denoising autoencoders (corrupted input reconstruction), contractive autoencoders, and Variational Autoencoders (VAEs) that impose a structured probabilistic prior on the latent space. Applications span anomaly detection, dimensionality reduction, generative modeling, representation learning, and data augmentation. The reconstruction error serves as a natural anomaly score in unsupervised defect detection and intrusion detection systems.",Understand,A semiconductor company trains autoencoders on golden wafer process signatures to detect anomalous fabrication runs from high-dimensional spectrometry data without labeled defect examples.,"Articulate in precise technical terms how the core learning mechanism of Autoencoders operates under the distributional assumptions present in enterprise data, specifically addressing what occurs when those assumptions are violated."
Autoencoders,"Autoencoders are neural networks trained to encode inputs into a compressed latent representation and reconstruct the original input, learning efficient data representations in an unsupervised manner. Variants include sparse autoencoders (L1 regularization on activations), denoising autoencoders (corrupted input reconstruction), contractive autoencoders, and Variational Autoencoders (VAEs) that impose a structured probabilistic prior on the latent space. Applications span anomaly detection, dimensionality reduction, generative modeling, representation learning, and data augmentation. The reconstruction error serves as a natural anomaly score in unsupervised defect detection and intrusion detection systems.",Understand,"A financial compliance team deploys variational autoencoders to learn a latent representation of normal trading behavior, flagging outliers that may indicate rogue trading or insider activity.",A senior ML engineer must brief a cross-functional product team on why Autoencoders exhibits particular failure modes in enterprise applications — explain the underlying statistical rationale for these limitations.
Autoencoders,"Autoencoders are neural networks trained to encode inputs into a compressed latent representation and reconstruct the original input, learning efficient data representations in an unsupervised manner. Variants include sparse autoencoders (L1 regularization on activations), denoising autoencoders (corrupted input reconstruction), contractive autoencoders, and Variational Autoencoders (VAEs) that impose a structured probabilistic prior on the latent space. Applications span anomaly detection, dimensionality reduction, generative modeling, representation learning, and data augmentation. The reconstruction error serves as a natural anomaly score in unsupervised defect detection and intrusion detection systems.",Understand,A telematics insurance company uses autoencoders to compress raw driving telemetry (300+ Hz sensor data) into compact behavioral embeddings for real-time risk scoring without labeled crash data.,Construct a conceptual explanation that differentiates the theoretical generalization behavior of Autoencoders from its empirical performance characteristics when deployed in a high-stakes enterprise pipeline.
Autoencoders,"Autoencoders are neural networks trained to encode inputs into a compressed latent representation and reconstruct the original input, learning efficient data representations in an unsupervised manner. Variants include sparse autoencoders (L1 regularization on activations), denoising autoencoders (corrupted input reconstruction), contractive autoencoders, and Variational Autoencoders (VAEs) that impose a structured probabilistic prior on the latent space. Applications span anomaly detection, dimensionality reduction, generative modeling, representation learning, and data augmentation. The reconstruction error serves as a natural anomaly score in unsupervised defect detection and intrusion detection systems.",Understand,"A medical imaging startup trains autoencoders on retinal OCT scans to learn unsupervised representations of normal retinal layers, enabling detection of rare pathologies absent from training labels.",Interpret the mathematical intuition behind Autoencoders's core optimization objective and explain how deviations in enterprise data quality would propagate through the model's internal representations.
Autoencoders,"Autoencoders are neural networks trained to encode inputs into a compressed latent representation and reconstruct the original input, learning efficient data representations in an unsupervised manner. Variants include sparse autoencoders (L1 regularization on activations), denoising autoencoders (corrupted input reconstruction), contractive autoencoders, and Variational Autoencoders (VAEs) that impose a structured probabilistic prior on the latent space. Applications span anomaly detection, dimensionality reduction, generative modeling, representation learning, and data augmentation. The reconstruction error serves as a natural anomaly score in unsupervised defect detection and intrusion detection systems.",Apply,A semiconductor company trains autoencoders on golden wafer process signatures to detect anomalous fabrication runs from high-dimensional spectrometry data without labeled defect examples.,"Given this deployment scenario, outline the complete preprocessing pipeline, feature engineering strategy, and hyperparameter configuration required to deploy Autoencoders as a production-grade component within this system."
Autoencoders,"Autoencoders are neural networks trained to encode inputs into a compressed latent representation and reconstruct the original input, learning efficient data representations in an unsupervised manner. Variants include sparse autoencoders (L1 regularization on activations), denoising autoencoders (corrupted input reconstruction), contractive autoencoders, and Variational Autoencoders (VAEs) that impose a structured probabilistic prior on the latent space. Applications span anomaly detection, dimensionality reduction, generative modeling, representation learning, and data augmentation. The reconstruction error serves as a natural anomaly score in unsupervised defect detection and intrusion detection systems.",Apply,"A financial compliance team deploys variational autoencoders to learn a latent representation of normal trading behavior, flagging outliers that may indicate rogue trading or insider activity.","A team inherits a legacy enterprise system using Autoencoders with significant technical debt. Describe the concrete implementation steps to refactor the pipeline for improved reliability, latency, and maintainability."
Autoencoders,"Autoencoders are neural networks trained to encode inputs into a compressed latent representation and reconstruct the original input, learning efficient data representations in an unsupervised manner. Variants include sparse autoencoders (L1 regularization on activations), denoising autoencoders (corrupted input reconstruction), contractive autoencoders, and Variational Autoencoders (VAEs) that impose a structured probabilistic prior on the latent space. Applications span anomaly detection, dimensionality reduction, generative modeling, representation learning, and data augmentation. The reconstruction error serves as a natural anomaly score in unsupervised defect detection and intrusion detection systems.",Apply,A telematics insurance company uses autoencoders to compress raw driving telemetry (300+ Hz sensor data) into compact behavioral embeddings for real-time risk scoring without labeled crash data.,"Implement a validation framework for Autoencoders in this deployment scenario context, specifying the exact metrics, thresholds, and data split strategies appropriate for the operational constraints and risk profile of this application."
Autoencoders,"Autoencoders are neural networks trained to encode inputs into a compressed latent representation and reconstruct the original input, learning efficient data representations in an unsupervised manner. Variants include sparse autoencoders (L1 regularization on activations), denoising autoencoders (corrupted input reconstruction), contractive autoencoders, and Variational Autoencoders (VAEs) that impose a structured probabilistic prior on the latent space. Applications span anomaly detection, dimensionality reduction, generative modeling, representation learning, and data augmentation. The reconstruction error serves as a natural anomaly score in unsupervised defect detection and intrusion detection systems.",Apply,"A medical imaging startup trains autoencoders on retinal OCT scans to learn unsupervised representations of normal retinal layers, enabling detection of rare pathologies absent from training labels.","Considering this deployment scenario, detail the end-to-end inference pipeline design for Autoencoders, including feature serving, model versioning, monitoring hooks, and fallback mechanisms for production deployment."
Autoencoders,"Autoencoders are neural networks trained to encode inputs into a compressed latent representation and reconstruct the original input, learning efficient data representations in an unsupervised manner. Variants include sparse autoencoders (L1 regularization on activations), denoising autoencoders (corrupted input reconstruction), contractive autoencoders, and Variational Autoencoders (VAEs) that impose a structured probabilistic prior on the latent space. Applications span anomaly detection, dimensionality reduction, generative modeling, representation learning, and data augmentation. The reconstruction error serves as a natural anomaly score in unsupervised defect detection and intrusion detection systems.",Analyze,A semiconductor company trains autoencoders on golden wafer process signatures to detect anomalous fabrication runs from high-dimensional spectrometry data without labeled defect examples.,"In this deployment scenario, the Autoencoders model begins exhibiting significant performance degradation six months after deployment. Conduct a systematic diagnostic analysis identifying the most probable root causes and distinguishing between data drift, concept drift, and model decay hypotheses."
Autoencoders,"Autoencoders are neural networks trained to encode inputs into a compressed latent representation and reconstruct the original input, learning efficient data representations in an unsupervised manner. Variants include sparse autoencoders (L1 regularization on activations), denoising autoencoders (corrupted input reconstruction), contractive autoencoders, and Variational Autoencoders (VAEs) that impose a structured probabilistic prior on the latent space. Applications span anomaly detection, dimensionality reduction, generative modeling, representation learning, and data augmentation. The reconstruction error serves as a natural anomaly score in unsupervised defect detection and intrusion detection systems.",Analyze,"A financial compliance team deploys variational autoencoders to learn a latent representation of normal trading behavior, flagging outliers that may indicate rogue trading or insider activity.","Critically compare the architectural trade-offs between Autoencoders and two alternative algorithmic families for this deployment scenario use case, analyzing computational complexity, interpretability requirements, uncertainty quantification capacity, and regulatory compliance constraints."
Autoencoders,"Autoencoders are neural networks trained to encode inputs into a compressed latent representation and reconstruct the original input, learning efficient data representations in an unsupervised manner. Variants include sparse autoencoders (L1 regularization on activations), denoising autoencoders (corrupted input reconstruction), contractive autoencoders, and Variational Autoencoders (VAEs) that impose a structured probabilistic prior on the latent space. Applications span anomaly detection, dimensionality reduction, generative modeling, representation learning, and data augmentation. The reconstruction error serves as a natural anomaly score in unsupervised defect detection and intrusion detection systems.",Analyze,A telematics insurance company uses autoencoders to compress raw driving telemetry (300+ Hz sensor data) into compact behavioral embeddings for real-time risk scoring without labeled crash data.,"Decompose the potential failure modes of Autoencoders in this deployment scenario context into data-quality failures, distributional shift failures, model specification failures, and deployment infrastructure failures, and analyze the downstream business and safety consequences of each."
Autoencoders,"Autoencoders are neural networks trained to encode inputs into a compressed latent representation and reconstruct the original input, learning efficient data representations in an unsupervised manner. Variants include sparse autoencoders (L1 regularization on activations), denoising autoencoders (corrupted input reconstruction), contractive autoencoders, and Variational Autoencoders (VAEs) that impose a structured probabilistic prior on the latent space. Applications span anomaly detection, dimensionality reduction, generative modeling, representation learning, and data augmentation. The reconstruction error serves as a natural anomaly score in unsupervised defect detection and intrusion detection systems.",Analyze,"A medical imaging startup trains autoencoders on retinal OCT scans to learn unsupervised representations of normal retinal layers, enabling detection of rare pathologies absent from training labels.","Examine the interaction effects between Autoencoders's core assumptions and the specific data-generating process in this context, identifying which assumption violations are benign, which are correctable, and which would fundamentally invalidate the modeling approach."
Autoencoders,"Autoencoders are neural networks trained to encode inputs into a compressed latent representation and reconstruct the original input, learning efficient data representations in an unsupervised manner. Variants include sparse autoencoders (L1 regularization on activations), denoising autoencoders (corrupted input reconstruction), contractive autoencoders, and Variational Autoencoders (VAEs) that impose a structured probabilistic prior on the latent space. Applications span anomaly detection, dimensionality reduction, generative modeling, representation learning, and data augmentation. The reconstruction error serves as a natural anomaly score in unsupervised defect detection and intrusion detection systems.",Evaluate,A semiconductor company trains autoencoders on golden wafer process signatures to detect anomalous fabrication runs from high-dimensional spectrometry data without labeled defect examples.,"In this deployment scenario, multiple ML teams are advocating for Autoencoders as the production system. Formulate a rigorous evaluation framework that quantifies not only predictive performance but also business value, operational risk, fairness, interpretability, and total cost of ownership."
Autoencoders,"Autoencoders are neural networks trained to encode inputs into a compressed latent representation and reconstruct the original input, learning efficient data representations in an unsupervised manner. Variants include sparse autoencoders (L1 regularization on activations), denoising autoencoders (corrupted input reconstruction), contractive autoencoders, and Variational Autoencoders (VAEs) that impose a structured probabilistic prior on the latent space. Applications span anomaly detection, dimensionality reduction, generative modeling, representation learning, and data augmentation. The reconstruction error serves as a natural anomaly score in unsupervised defect detection and intrusion detection systems.",Evaluate,"A financial compliance team deploys variational autoencoders to learn a latent representation of normal trading behavior, flagging outliers that may indicate rogue trading or insider activity.","Critically assess the deployment readiness of a Autoencoders model in this deployment scenario context, evaluating the model's robustness to adversarial inputs, its calibration quality, its behavior under distribution shift, and the adequacy of its monitoring instrumentation."
Autoencoders,"Autoencoders are neural networks trained to encode inputs into a compressed latent representation and reconstruct the original input, learning efficient data representations in an unsupervised manner. Variants include sparse autoencoders (L1 regularization on activations), denoising autoencoders (corrupted input reconstruction), contractive autoencoders, and Variational Autoencoders (VAEs) that impose a structured probabilistic prior on the latent space. Applications span anomaly detection, dimensionality reduction, generative modeling, representation learning, and data augmentation. The reconstruction error serves as a natural anomaly score in unsupervised defect detection and intrusion detection systems.",Evaluate,A telematics insurance company uses autoencoders to compress raw driving telemetry (300+ Hz sensor data) into compact behavioral embeddings for real-time risk scoring without labeled crash data.,"A regulatory body is reviewing the use of Autoencoders in this context. Argue for or against the model's fitness for purpose, substantiating your position with specific evidence criteria, acceptable risk thresholds, and the consequences of both Type I and Type II decision errors."
Autoencoders,"Autoencoders are neural networks trained to encode inputs into a compressed latent representation and reconstruct the original input, learning efficient data representations in an unsupervised manner. Variants include sparse autoencoders (L1 regularization on activations), denoising autoencoders (corrupted input reconstruction), contractive autoencoders, and Variational Autoencoders (VAEs) that impose a structured probabilistic prior on the latent space. Applications span anomaly detection, dimensionality reduction, generative modeling, representation learning, and data augmentation. The reconstruction error serves as a natural anomaly score in unsupervised defect detection and intrusion detection systems.",Evaluate,"A medical imaging startup trains autoencoders on retinal OCT scans to learn unsupervised representations of normal retinal layers, enabling detection of rare pathologies absent from training labels.","Evaluate the long-term sustainability of a Autoencoders-based solution for this use case, considering model decay trajectories, retraining cost structures, data governance requirements, and the ethical implications of scaled automated decision-making in this domain."
Autoencoders,"Autoencoders are neural networks trained to encode inputs into a compressed latent representation and reconstruct the original input, learning efficient data representations in an unsupervised manner. Variants include sparse autoencoders (L1 regularization on activations), denoising autoencoders (corrupted input reconstruction), contractive autoencoders, and Variational Autoencoders (VAEs) that impose a structured probabilistic prior on the latent space. Applications span anomaly detection, dimensionality reduction, generative modeling, representation learning, and data augmentation. The reconstruction error serves as a natural anomaly score in unsupervised defect detection and intrusion detection systems.",Create,A semiconductor company trains autoencoders on golden wafer process signatures to detect anomalous fabrication runs from high-dimensional spectrometry data without labeled defect examples.,"Architect a novel ML system for this use case that addresses the key limitations of standard Autoencoders implementations, incorporating uncertainty quantification, fairness constraints, concept drift adaptation, and human-in-the-loop oversight mechanisms."
Autoencoders,"Autoencoders are neural networks trained to encode inputs into a compressed latent representation and reconstruct the original input, learning efficient data representations in an unsupervised manner. Variants include sparse autoencoders (L1 regularization on activations), denoising autoencoders (corrupted input reconstruction), contractive autoencoders, and Variational Autoencoders (VAEs) that impose a structured probabilistic prior on the latent space. Applications span anomaly detection, dimensionality reduction, generative modeling, representation learning, and data augmentation. The reconstruction error serves as a natural anomaly score in unsupervised defect detection and intrusion detection systems.",Create,"A financial compliance team deploys variational autoencoders to learn a latent representation of normal trading behavior, flagging outliers that may indicate rogue trading or insider activity.","Design a research agenda to advance Autoencoders methodology specifically for high-stakes enterprise applications, proposing three novel experimental studies that would yield actionable insights for production practitioners."
Autoencoders,"Autoencoders are neural networks trained to encode inputs into a compressed latent representation and reconstruct the original input, learning efficient data representations in an unsupervised manner. Variants include sparse autoencoders (L1 regularization on activations), denoising autoencoders (corrupted input reconstruction), contractive autoencoders, and Variational Autoencoders (VAEs) that impose a structured probabilistic prior on the latent space. Applications span anomaly detection, dimensionality reduction, generative modeling, representation learning, and data augmentation. The reconstruction error serves as a natural anomaly score in unsupervised defect detection and intrusion detection systems.",Create,A telematics insurance company uses autoencoders to compress raw driving telemetry (300+ Hz sensor data) into compact behavioral embeddings for real-time risk scoring without labeled crash data.,"Construct a comprehensive MLOps framework tailored for Autoencoders deployment in this context, covering the full model lifecycle: data versioning, experiment tracking, automated retraining triggers, A/B testing infrastructure, and incident response playbooks."
Autoencoders,"Autoencoders are neural networks trained to encode inputs into a compressed latent representation and reconstruct the original input, learning efficient data representations in an unsupervised manner. Variants include sparse autoencoders (L1 regularization on activations), denoising autoencoders (corrupted input reconstruction), contractive autoencoders, and Variational Autoencoders (VAEs) that impose a structured probabilistic prior on the latent space. Applications span anomaly detection, dimensionality reduction, generative modeling, representation learning, and data augmentation. The reconstruction error serves as a natural anomaly score in unsupervised defect detection and intrusion detection systems.",Create,"A medical imaging startup trains autoencoders on retinal OCT scans to learn unsupervised representations of normal retinal layers, enabling detection of rare pathologies absent from training labels.","Formulate a hybrid modeling strategy that combines Autoencoders with complementary methods to overcome its core weaknesses in this context, specifying the technical integration architecture, the decision boundaries between model components, and the validation protocol for the composite system."
Generative Adversarial Networks,"Generative Adversarial Networks (GANs) frame generative modeling as a minimax two-player game between a generator (learns to produce realistic samples) and a discriminator (learns to distinguish real from generated samples). Training instability (mode collapse, vanishing gradients) has motivated architectures like WGAN, WGAN-GP, StyleGAN, and Progressive GANs. Conditional GANs (cGANs) enable class-conditioned generation, while CycleGAN enables unpaired image-to-image translation. Evaluation metrics (FID, IS, LPIPS) quantify sample quality and diversity. GANs have transformed computer vision, audio synthesis, drug design, and privacy-preserving synthetic data generation.",Remember,"A pharmaceutical company uses GANs to generate synthetic patient records that statistically match real EHR distributions, enabling clinical AI development without compromising patient privacy under HIPAA.","In the context of deploying Generative Adversarial Networks within pharmaceutical, enumerate the fundamental mathematical assumptions and algorithmic constraints that must be verified prior to model selection."
Generative Adversarial Networks,"Generative Adversarial Networks (GANs) frame generative modeling as a minimax two-player game between a generator (learns to produce realistic samples) and a discriminator (learns to distinguish real from generated samples). Training instability (mode collapse, vanishing gradients) has motivated architectures like WGAN, WGAN-GP, StyleGAN, and Progressive GANs. Conditional GANs (cGANs) enable class-conditioned generation, while CycleGAN enables unpaired image-to-image translation. Evaluation metrics (FID, IS, LPIPS) quantify sample quality and diversity. GANs have transformed computer vision, audio synthesis, drug design, and privacy-preserving synthetic data generation.",Remember,"A self-driving car company uses GANs to synthesize rare adverse weather and edge-case driving scenarios (black ice, pedestrian occlusion, sensor glare) to augment training data for safety-critical models.","A data science team onboarding to a enterprise project requests a comprehensive taxonomy of the core components, parameters, and operational boundaries that define Generative Adversarial Networks."
Generative Adversarial Networks,"Generative Adversarial Networks (GANs) frame generative modeling as a minimax two-player game between a generator (learns to produce realistic samples) and a discriminator (learns to distinguish real from generated samples). Training instability (mode collapse, vanishing gradients) has motivated architectures like WGAN, WGAN-GP, StyleGAN, and Progressive GANs. Conditional GANs (cGANs) enable class-conditioned generation, while CycleGAN enables unpaired image-to-image translation. Evaluation metrics (FID, IS, LPIPS) quantify sample quality and diversity. GANs have transformed computer vision, audio synthesis, drug design, and privacy-preserving synthetic data generation.",Remember,A financial institution uses conditional GANs to generate synthetic transaction data for stress-testing fraud detection models against adversarial attack patterns not seen in historical data.,"Within the regulatory documentation for a enterprise system, specify the defining characteristics of Generative Adversarial Networks that distinguish it from adjacent methodological approaches."
Generative Adversarial Networks,"Generative Adversarial Networks (GANs) frame generative modeling as a minimax two-player game between a generator (learns to produce realistic samples) and a discriminator (learns to distinguish real from generated samples). Training instability (mode collapse, vanishing gradients) has motivated architectures like WGAN, WGAN-GP, StyleGAN, and Progressive GANs. Conditional GANs (cGANs) enable class-conditioned generation, while CycleGAN enables unpaired image-to-image translation. Evaluation metrics (FID, IS, LPIPS) quantify sample quality and diversity. GANs have transformed computer vision, audio synthesis, drug design, and privacy-preserving synthetic data generation.",Remember,"A fashion company uses GANs to generate novel clothing design variations conditioned on brand style guides, enabling rapid iteration in virtual prototyping before physical sampling.",Catalogue the essential computational and statistical prerequisites that must be satisfied before Generative Adversarial Networks can be validly applied within a enterprise operational context.
Generative Adversarial Networks,"Generative Adversarial Networks (GANs) frame generative modeling as a minimax two-player game between a generator (learns to produce realistic samples) and a discriminator (learns to distinguish real from generated samples). Training instability (mode collapse, vanishing gradients) has motivated architectures like WGAN, WGAN-GP, StyleGAN, and Progressive GANs. Conditional GANs (cGANs) enable class-conditioned generation, while CycleGAN enables unpaired image-to-image translation. Evaluation metrics (FID, IS, LPIPS) quantify sample quality and diversity. GANs have transformed computer vision, audio synthesis, drug design, and privacy-preserving synthetic data generation.",Understand,"A pharmaceutical company uses GANs to generate synthetic patient records that statistically match real EHR distributions, enabling clinical AI development without compromising patient privacy under HIPAA.","Articulate in precise technical terms how the core learning mechanism of Generative Adversarial Networks operates under the distributional assumptions present in pharmaceutical data, specifically addressing what occurs when those assumptions are violated."
Generative Adversarial Networks,"Generative Adversarial Networks (GANs) frame generative modeling as a minimax two-player game between a generator (learns to produce realistic samples) and a discriminator (learns to distinguish real from generated samples). Training instability (mode collapse, vanishing gradients) has motivated architectures like WGAN, WGAN-GP, StyleGAN, and Progressive GANs. Conditional GANs (cGANs) enable class-conditioned generation, while CycleGAN enables unpaired image-to-image translation. Evaluation metrics (FID, IS, LPIPS) quantify sample quality and diversity. GANs have transformed computer vision, audio synthesis, drug design, and privacy-preserving synthetic data generation.",Understand,"A self-driving car company uses GANs to synthesize rare adverse weather and edge-case driving scenarios (black ice, pedestrian occlusion, sensor glare) to augment training data for safety-critical models.",A senior ML engineer must brief a cross-functional product team on why Generative Adversarial Networks exhibits particular failure modes in enterprise applications — explain the underlying statistical rationale for these limitations.
Generative Adversarial Networks,"Generative Adversarial Networks (GANs) frame generative modeling as a minimax two-player game between a generator (learns to produce realistic samples) and a discriminator (learns to distinguish real from generated samples). Training instability (mode collapse, vanishing gradients) has motivated architectures like WGAN, WGAN-GP, StyleGAN, and Progressive GANs. Conditional GANs (cGANs) enable class-conditioned generation, while CycleGAN enables unpaired image-to-image translation. Evaluation metrics (FID, IS, LPIPS) quantify sample quality and diversity. GANs have transformed computer vision, audio synthesis, drug design, and privacy-preserving synthetic data generation.",Understand,A financial institution uses conditional GANs to generate synthetic transaction data for stress-testing fraud detection models against adversarial attack patterns not seen in historical data.,Construct a conceptual explanation that differentiates the theoretical generalization behavior of Generative Adversarial Networks from its empirical performance characteristics when deployed in a high-stakes enterprise pipeline.
Generative Adversarial Networks,"Generative Adversarial Networks (GANs) frame generative modeling as a minimax two-player game between a generator (learns to produce realistic samples) and a discriminator (learns to distinguish real from generated samples). Training instability (mode collapse, vanishing gradients) has motivated architectures like WGAN, WGAN-GP, StyleGAN, and Progressive GANs. Conditional GANs (cGANs) enable class-conditioned generation, while CycleGAN enables unpaired image-to-image translation. Evaluation metrics (FID, IS, LPIPS) quantify sample quality and diversity. GANs have transformed computer vision, audio synthesis, drug design, and privacy-preserving synthetic data generation.",Understand,"A fashion company uses GANs to generate novel clothing design variations conditioned on brand style guides, enabling rapid iteration in virtual prototyping before physical sampling.",Interpret the mathematical intuition behind Generative Adversarial Networks's core optimization objective and explain how deviations in enterprise data quality would propagate through the model's internal representations.
Generative Adversarial Networks,"Generative Adversarial Networks (GANs) frame generative modeling as a minimax two-player game between a generator (learns to produce realistic samples) and a discriminator (learns to distinguish real from generated samples). Training instability (mode collapse, vanishing gradients) has motivated architectures like WGAN, WGAN-GP, StyleGAN, and Progressive GANs. Conditional GANs (cGANs) enable class-conditioned generation, while CycleGAN enables unpaired image-to-image translation. Evaluation metrics (FID, IS, LPIPS) quantify sample quality and diversity. GANs have transformed computer vision, audio synthesis, drug design, and privacy-preserving synthetic data generation.",Apply,"A pharmaceutical company uses GANs to generate synthetic patient records that statistically match real EHR distributions, enabling clinical AI development without compromising patient privacy under HIPAA.","Given this deployment scenario, outline the complete preprocessing pipeline, feature engineering strategy, and hyperparameter configuration required to deploy Generative Adversarial Networks as a production-grade component within this system."
Generative Adversarial Networks,"Generative Adversarial Networks (GANs) frame generative modeling as a minimax two-player game between a generator (learns to produce realistic samples) and a discriminator (learns to distinguish real from generated samples). Training instability (mode collapse, vanishing gradients) has motivated architectures like WGAN, WGAN-GP, StyleGAN, and Progressive GANs. Conditional GANs (cGANs) enable class-conditioned generation, while CycleGAN enables unpaired image-to-image translation. Evaluation metrics (FID, IS, LPIPS) quantify sample quality and diversity. GANs have transformed computer vision, audio synthesis, drug design, and privacy-preserving synthetic data generation.",Apply,"A self-driving car company uses GANs to synthesize rare adverse weather and edge-case driving scenarios (black ice, pedestrian occlusion, sensor glare) to augment training data for safety-critical models.","A team inherits a legacy enterprise system using Generative Adversarial Networks with significant technical debt. Describe the concrete implementation steps to refactor the pipeline for improved reliability, latency, and maintainability."
Generative Adversarial Networks,"Generative Adversarial Networks (GANs) frame generative modeling as a minimax two-player game between a generator (learns to produce realistic samples) and a discriminator (learns to distinguish real from generated samples). Training instability (mode collapse, vanishing gradients) has motivated architectures like WGAN, WGAN-GP, StyleGAN, and Progressive GANs. Conditional GANs (cGANs) enable class-conditioned generation, while CycleGAN enables unpaired image-to-image translation. Evaluation metrics (FID, IS, LPIPS) quantify sample quality and diversity. GANs have transformed computer vision, audio synthesis, drug design, and privacy-preserving synthetic data generation.",Apply,A financial institution uses conditional GANs to generate synthetic transaction data for stress-testing fraud detection models against adversarial attack patterns not seen in historical data.,"Implement a validation framework for Generative Adversarial Networks in this deployment scenario context, specifying the exact metrics, thresholds, and data split strategies appropriate for the operational constraints and risk profile of this application."
Generative Adversarial Networks,"Generative Adversarial Networks (GANs) frame generative modeling as a minimax two-player game between a generator (learns to produce realistic samples) and a discriminator (learns to distinguish real from generated samples). Training instability (mode collapse, vanishing gradients) has motivated architectures like WGAN, WGAN-GP, StyleGAN, and Progressive GANs. Conditional GANs (cGANs) enable class-conditioned generation, while CycleGAN enables unpaired image-to-image translation. Evaluation metrics (FID, IS, LPIPS) quantify sample quality and diversity. GANs have transformed computer vision, audio synthesis, drug design, and privacy-preserving synthetic data generation.",Apply,"A fashion company uses GANs to generate novel clothing design variations conditioned on brand style guides, enabling rapid iteration in virtual prototyping before physical sampling.","Considering this deployment scenario, detail the end-to-end inference pipeline design for Generative Adversarial Networks, including feature serving, model versioning, monitoring hooks, and fallback mechanisms for production deployment."
Generative Adversarial Networks,"Generative Adversarial Networks (GANs) frame generative modeling as a minimax two-player game between a generator (learns to produce realistic samples) and a discriminator (learns to distinguish real from generated samples). Training instability (mode collapse, vanishing gradients) has motivated architectures like WGAN, WGAN-GP, StyleGAN, and Progressive GANs. Conditional GANs (cGANs) enable class-conditioned generation, while CycleGAN enables unpaired image-to-image translation. Evaluation metrics (FID, IS, LPIPS) quantify sample quality and diversity. GANs have transformed computer vision, audio synthesis, drug design, and privacy-preserving synthetic data generation.",Analyze,"A pharmaceutical company uses GANs to generate synthetic patient records that statistically match real EHR distributions, enabling clinical AI development without compromising patient privacy under HIPAA.","In this deployment scenario, the Generative Adversarial Networks model begins exhibiting significant performance degradation six months after deployment. Conduct a systematic diagnostic analysis identifying the most probable root causes and distinguishing between data drift, concept drift, and model decay hypotheses."
Generative Adversarial Networks,"Generative Adversarial Networks (GANs) frame generative modeling as a minimax two-player game between a generator (learns to produce realistic samples) and a discriminator (learns to distinguish real from generated samples). Training instability (mode collapse, vanishing gradients) has motivated architectures like WGAN, WGAN-GP, StyleGAN, and Progressive GANs. Conditional GANs (cGANs) enable class-conditioned generation, while CycleGAN enables unpaired image-to-image translation. Evaluation metrics (FID, IS, LPIPS) quantify sample quality and diversity. GANs have transformed computer vision, audio synthesis, drug design, and privacy-preserving synthetic data generation.",Analyze,"A self-driving car company uses GANs to synthesize rare adverse weather and edge-case driving scenarios (black ice, pedestrian occlusion, sensor glare) to augment training data for safety-critical models.","Critically compare the architectural trade-offs between Generative Adversarial Networks and two alternative algorithmic families for this deployment scenario use case, analyzing computational complexity, interpretability requirements, uncertainty quantification capacity, and regulatory compliance constraints."
Generative Adversarial Networks,"Generative Adversarial Networks (GANs) frame generative modeling as a minimax two-player game between a generator (learns to produce realistic samples) and a discriminator (learns to distinguish real from generated samples). Training instability (mode collapse, vanishing gradients) has motivated architectures like WGAN, WGAN-GP, StyleGAN, and Progressive GANs. Conditional GANs (cGANs) enable class-conditioned generation, while CycleGAN enables unpaired image-to-image translation. Evaluation metrics (FID, IS, LPIPS) quantify sample quality and diversity. GANs have transformed computer vision, audio synthesis, drug design, and privacy-preserving synthetic data generation.",Analyze,A financial institution uses conditional GANs to generate synthetic transaction data for stress-testing fraud detection models against adversarial attack patterns not seen in historical data.,"Decompose the potential failure modes of Generative Adversarial Networks in this deployment scenario context into data-quality failures, distributional shift failures, model specification failures, and deployment infrastructure failures, and analyze the downstream business and safety consequences of each."
Generative Adversarial Networks,"Generative Adversarial Networks (GANs) frame generative modeling as a minimax two-player game between a generator (learns to produce realistic samples) and a discriminator (learns to distinguish real from generated samples). Training instability (mode collapse, vanishing gradients) has motivated architectures like WGAN, WGAN-GP, StyleGAN, and Progressive GANs. Conditional GANs (cGANs) enable class-conditioned generation, while CycleGAN enables unpaired image-to-image translation. Evaluation metrics (FID, IS, LPIPS) quantify sample quality and diversity. GANs have transformed computer vision, audio synthesis, drug design, and privacy-preserving synthetic data generation.",Analyze,"A fashion company uses GANs to generate novel clothing design variations conditioned on brand style guides, enabling rapid iteration in virtual prototyping before physical sampling.","Examine the interaction effects between Generative Adversarial Networks's core assumptions and the specific data-generating process in this context, identifying which assumption violations are benign, which are correctable, and which would fundamentally invalidate the modeling approach."
Generative Adversarial Networks,"Generative Adversarial Networks (GANs) frame generative modeling as a minimax two-player game between a generator (learns to produce realistic samples) and a discriminator (learns to distinguish real from generated samples). Training instability (mode collapse, vanishing gradients) has motivated architectures like WGAN, WGAN-GP, StyleGAN, and Progressive GANs. Conditional GANs (cGANs) enable class-conditioned generation, while CycleGAN enables unpaired image-to-image translation. Evaluation metrics (FID, IS, LPIPS) quantify sample quality and diversity. GANs have transformed computer vision, audio synthesis, drug design, and privacy-preserving synthetic data generation.",Evaluate,"A pharmaceutical company uses GANs to generate synthetic patient records that statistically match real EHR distributions, enabling clinical AI development without compromising patient privacy under HIPAA.","In this deployment scenario, multiple ML teams are advocating for Generative Adversarial Networks as the production system. Formulate a rigorous evaluation framework that quantifies not only predictive performance but also business value, operational risk, fairness, interpretability, and total cost of ownership."
Generative Adversarial Networks,"Generative Adversarial Networks (GANs) frame generative modeling as a minimax two-player game between a generator (learns to produce realistic samples) and a discriminator (learns to distinguish real from generated samples). Training instability (mode collapse, vanishing gradients) has motivated architectures like WGAN, WGAN-GP, StyleGAN, and Progressive GANs. Conditional GANs (cGANs) enable class-conditioned generation, while CycleGAN enables unpaired image-to-image translation. Evaluation metrics (FID, IS, LPIPS) quantify sample quality and diversity. GANs have transformed computer vision, audio synthesis, drug design, and privacy-preserving synthetic data generation.",Evaluate,"A self-driving car company uses GANs to synthesize rare adverse weather and edge-case driving scenarios (black ice, pedestrian occlusion, sensor glare) to augment training data for safety-critical models.","Critically assess the deployment readiness of a Generative Adversarial Networks model in this deployment scenario context, evaluating the model's robustness to adversarial inputs, its calibration quality, its behavior under distribution shift, and the adequacy of its monitoring instrumentation."
Generative Adversarial Networks,"Generative Adversarial Networks (GANs) frame generative modeling as a minimax two-player game between a generator (learns to produce realistic samples) and a discriminator (learns to distinguish real from generated samples). Training instability (mode collapse, vanishing gradients) has motivated architectures like WGAN, WGAN-GP, StyleGAN, and Progressive GANs. Conditional GANs (cGANs) enable class-conditioned generation, while CycleGAN enables unpaired image-to-image translation. Evaluation metrics (FID, IS, LPIPS) quantify sample quality and diversity. GANs have transformed computer vision, audio synthesis, drug design, and privacy-preserving synthetic data generation.",Evaluate,A financial institution uses conditional GANs to generate synthetic transaction data for stress-testing fraud detection models against adversarial attack patterns not seen in historical data.,"A regulatory body is reviewing the use of Generative Adversarial Networks in this context. Argue for or against the model's fitness for purpose, substantiating your position with specific evidence criteria, acceptable risk thresholds, and the consequences of both Type I and Type II decision errors."
Generative Adversarial Networks,"Generative Adversarial Networks (GANs) frame generative modeling as a minimax two-player game between a generator (learns to produce realistic samples) and a discriminator (learns to distinguish real from generated samples). Training instability (mode collapse, vanishing gradients) has motivated architectures like WGAN, WGAN-GP, StyleGAN, and Progressive GANs. Conditional GANs (cGANs) enable class-conditioned generation, while CycleGAN enables unpaired image-to-image translation. Evaluation metrics (FID, IS, LPIPS) quantify sample quality and diversity. GANs have transformed computer vision, audio synthesis, drug design, and privacy-preserving synthetic data generation.",Evaluate,"A fashion company uses GANs to generate novel clothing design variations conditioned on brand style guides, enabling rapid iteration in virtual prototyping before physical sampling.","Evaluate the long-term sustainability of a Generative Adversarial Networks-based solution for this use case, considering model decay trajectories, retraining cost structures, data governance requirements, and the ethical implications of scaled automated decision-making in this domain."
Generative Adversarial Networks,"Generative Adversarial Networks (GANs) frame generative modeling as a minimax two-player game between a generator (learns to produce realistic samples) and a discriminator (learns to distinguish real from generated samples). Training instability (mode collapse, vanishing gradients) has motivated architectures like WGAN, WGAN-GP, StyleGAN, and Progressive GANs. Conditional GANs (cGANs) enable class-conditioned generation, while CycleGAN enables unpaired image-to-image translation. Evaluation metrics (FID, IS, LPIPS) quantify sample quality and diversity. GANs have transformed computer vision, audio synthesis, drug design, and privacy-preserving synthetic data generation.",Create,"A pharmaceutical company uses GANs to generate synthetic patient records that statistically match real EHR distributions, enabling clinical AI development without compromising patient privacy under HIPAA.","Architect a novel ML system for this use case that addresses the key limitations of standard Generative Adversarial Networks implementations, incorporating uncertainty quantification, fairness constraints, concept drift adaptation, and human-in-the-loop oversight mechanisms."
Generative Adversarial Networks,"Generative Adversarial Networks (GANs) frame generative modeling as a minimax two-player game between a generator (learns to produce realistic samples) and a discriminator (learns to distinguish real from generated samples). Training instability (mode collapse, vanishing gradients) has motivated architectures like WGAN, WGAN-GP, StyleGAN, and Progressive GANs. Conditional GANs (cGANs) enable class-conditioned generation, while CycleGAN enables unpaired image-to-image translation. Evaluation metrics (FID, IS, LPIPS) quantify sample quality and diversity. GANs have transformed computer vision, audio synthesis, drug design, and privacy-preserving synthetic data generation.",Create,"A self-driving car company uses GANs to synthesize rare adverse weather and edge-case driving scenarios (black ice, pedestrian occlusion, sensor glare) to augment training data for safety-critical models.","Design a research agenda to advance Generative Adversarial Networks methodology specifically for high-stakes enterprise applications, proposing three novel experimental studies that would yield actionable insights for production practitioners."
Generative Adversarial Networks,"Generative Adversarial Networks (GANs) frame generative modeling as a minimax two-player game between a generator (learns to produce realistic samples) and a discriminator (learns to distinguish real from generated samples). Training instability (mode collapse, vanishing gradients) has motivated architectures like WGAN, WGAN-GP, StyleGAN, and Progressive GANs. Conditional GANs (cGANs) enable class-conditioned generation, while CycleGAN enables unpaired image-to-image translation. Evaluation metrics (FID, IS, LPIPS) quantify sample quality and diversity. GANs have transformed computer vision, audio synthesis, drug design, and privacy-preserving synthetic data generation.",Create,A financial institution uses conditional GANs to generate synthetic transaction data for stress-testing fraud detection models against adversarial attack patterns not seen in historical data.,"Construct a comprehensive MLOps framework tailored for Generative Adversarial Networks deployment in this context, covering the full model lifecycle: data versioning, experiment tracking, automated retraining triggers, A/B testing infrastructure, and incident response playbooks."
Generative Adversarial Networks,"Generative Adversarial Networks (GANs) frame generative modeling as a minimax two-player game between a generator (learns to produce realistic samples) and a discriminator (learns to distinguish real from generated samples). Training instability (mode collapse, vanishing gradients) has motivated architectures like WGAN, WGAN-GP, StyleGAN, and Progressive GANs. Conditional GANs (cGANs) enable class-conditioned generation, while CycleGAN enables unpaired image-to-image translation. Evaluation metrics (FID, IS, LPIPS) quantify sample quality and diversity. GANs have transformed computer vision, audio synthesis, drug design, and privacy-preserving synthetic data generation.",Create,"A fashion company uses GANs to generate novel clothing design variations conditioned on brand style guides, enabling rapid iteration in virtual prototyping before physical sampling.","Formulate a hybrid modeling strategy that combines Generative Adversarial Networks with complementary methods to overcome its core weaknesses in this context, specifying the technical integration architecture, the decision boundaries between model components, and the validation protocol for the composite system."
K-Nearest Neighbors,"K-Nearest Neighbors (KNN) is a non-parametric, instance-based learning algorithm that classifies or regresses a query point based on the majority class or mean value of its K closest training examples under a chosen distance metric (Euclidean, Manhattan, Minkowski, cosine). It requires no explicit training phase but suffers from O(n) inference cost and the curse of dimensionality. Approximate Nearest Neighbor (ANN) algorithms (FAISS, HNSW, Annoy) enable scalable retrieval in high-dimensional embedding spaces. KNN is widely used in recommendation systems, image retrieval, genomics clustering, and as a non-parametric baseline for classification tasks.",Remember,"A luxury retail company implements KNN-based product recommendation using high-dimensional image embeddings, requiring approximate nearest neighbor search at millisecond latency across a 5 million item catalog.","In the context of deploying K-Nearest Neighbors within retail, enumerate the fundamental mathematical assumptions and algorithmic constraints that must be verified prior to model selection."
K-Nearest Neighbors,"K-Nearest Neighbors (KNN) is a non-parametric, instance-based learning algorithm that classifies or regresses a query point based on the majority class or mean value of its K closest training examples under a chosen distance metric (Euclidean, Manhattan, Minkowski, cosine). It requires no explicit training phase but suffers from O(n) inference cost and the curse of dimensionality. Approximate Nearest Neighbor (ANN) algorithms (FAISS, HNSW, Annoy) enable scalable retrieval in high-dimensional embedding spaces. KNN is widely used in recommendation systems, image retrieval, genomics clustering, and as a non-parametric baseline for classification tasks.",Remember,A clinical genomics lab uses KNN to classify patient genetic variants of uncertain significance (VUS) by proximity to pathogenic and benign variants in a curated variant database.,"A data science team onboarding to a enterprise project requests a comprehensive taxonomy of the core components, parameters, and operational boundaries that define K-Nearest Neighbors."
K-Nearest Neighbors,"K-Nearest Neighbors (KNN) is a non-parametric, instance-based learning algorithm that classifies or regresses a query point based on the majority class or mean value of its K closest training examples under a chosen distance metric (Euclidean, Manhattan, Minkowski, cosine). It requires no explicit training phase but suffers from O(n) inference cost and the curse of dimensionality. Approximate Nearest Neighbor (ANN) algorithms (FAISS, HNSW, Annoy) enable scalable retrieval in high-dimensional embedding spaces. KNN is widely used in recommendation systems, image retrieval, genomics clustering, and as a non-parametric baseline for classification tasks.",Remember,"A smart city predictive policing initiative evaluates KNN-based crime hotspot prediction, requiring careful consideration of algorithmic fairness, geographic bias, and historical data quality issues.","Within the regulatory documentation for a enterprise system, specify the defining characteristics of K-Nearest Neighbors that distinguish it from adjacent methodological approaches."
K-Nearest Neighbors,"K-Nearest Neighbors (KNN) is a non-parametric, instance-based learning algorithm that classifies or regresses a query point based on the majority class or mean value of its K closest training examples under a chosen distance metric (Euclidean, Manhattan, Minkowski, cosine). It requires no explicit training phase but suffers from O(n) inference cost and the curse of dimensionality. Approximate Nearest Neighbor (ANN) algorithms (FAISS, HNSW, Annoy) enable scalable retrieval in high-dimensional embedding spaces. KNN is widely used in recommendation systems, image retrieval, genomics clustering, and as a non-parametric baseline for classification tasks.",Remember,A materials science research team uses KNN on molecular descriptor spaces to identify candidate compounds with desired thermal and mechanical properties from a virtual library of novel alloys.,Catalogue the essential computational and statistical prerequisites that must be satisfied before K-Nearest Neighbors can be validly applied within a enterprise operational context.
K-Nearest Neighbors,"K-Nearest Neighbors (KNN) is a non-parametric, instance-based learning algorithm that classifies or regresses a query point based on the majority class or mean value of its K closest training examples under a chosen distance metric (Euclidean, Manhattan, Minkowski, cosine). It requires no explicit training phase but suffers from O(n) inference cost and the curse of dimensionality. Approximate Nearest Neighbor (ANN) algorithms (FAISS, HNSW, Annoy) enable scalable retrieval in high-dimensional embedding spaces. KNN is widely used in recommendation systems, image retrieval, genomics clustering, and as a non-parametric baseline for classification tasks.",Understand,"A luxury retail company implements KNN-based product recommendation using high-dimensional image embeddings, requiring approximate nearest neighbor search at millisecond latency across a 5 million item catalog.","Articulate in precise technical terms how the core learning mechanism of K-Nearest Neighbors operates under the distributional assumptions present in retail data, specifically addressing what occurs when those assumptions are violated."
K-Nearest Neighbors,"K-Nearest Neighbors (KNN) is a non-parametric, instance-based learning algorithm that classifies or regresses a query point based on the majority class or mean value of its K closest training examples under a chosen distance metric (Euclidean, Manhattan, Minkowski, cosine). It requires no explicit training phase but suffers from O(n) inference cost and the curse of dimensionality. Approximate Nearest Neighbor (ANN) algorithms (FAISS, HNSW, Annoy) enable scalable retrieval in high-dimensional embedding spaces. KNN is widely used in recommendation systems, image retrieval, genomics clustering, and as a non-parametric baseline for classification tasks.",Understand,A clinical genomics lab uses KNN to classify patient genetic variants of uncertain significance (VUS) by proximity to pathogenic and benign variants in a curated variant database.,A senior ML engineer must brief a cross-functional product team on why K-Nearest Neighbors exhibits particular failure modes in enterprise applications — explain the underlying statistical rationale for these limitations.
K-Nearest Neighbors,"K-Nearest Neighbors (KNN) is a non-parametric, instance-based learning algorithm that classifies or regresses a query point based on the majority class or mean value of its K closest training examples under a chosen distance metric (Euclidean, Manhattan, Minkowski, cosine). It requires no explicit training phase but suffers from O(n) inference cost and the curse of dimensionality. Approximate Nearest Neighbor (ANN) algorithms (FAISS, HNSW, Annoy) enable scalable retrieval in high-dimensional embedding spaces. KNN is widely used in recommendation systems, image retrieval, genomics clustering, and as a non-parametric baseline for classification tasks.",Understand,"A smart city predictive policing initiative evaluates KNN-based crime hotspot prediction, requiring careful consideration of algorithmic fairness, geographic bias, and historical data quality issues.",Construct a conceptual explanation that differentiates the theoretical generalization behavior of K-Nearest Neighbors from its empirical performance characteristics when deployed in a high-stakes enterprise pipeline.
K-Nearest Neighbors,"K-Nearest Neighbors (KNN) is a non-parametric, instance-based learning algorithm that classifies or regresses a query point based on the majority class or mean value of its K closest training examples under a chosen distance metric (Euclidean, Manhattan, Minkowski, cosine). It requires no explicit training phase but suffers from O(n) inference cost and the curse of dimensionality. Approximate Nearest Neighbor (ANN) algorithms (FAISS, HNSW, Annoy) enable scalable retrieval in high-dimensional embedding spaces. KNN is widely used in recommendation systems, image retrieval, genomics clustering, and as a non-parametric baseline for classification tasks.",Understand,A materials science research team uses KNN on molecular descriptor spaces to identify candidate compounds with desired thermal and mechanical properties from a virtual library of novel alloys.,Interpret the mathematical intuition behind K-Nearest Neighbors's core optimization objective and explain how deviations in enterprise data quality would propagate through the model's internal representations.
K-Nearest Neighbors,"K-Nearest Neighbors (KNN) is a non-parametric, instance-based learning algorithm that classifies or regresses a query point based on the majority class or mean value of its K closest training examples under a chosen distance metric (Euclidean, Manhattan, Minkowski, cosine). It requires no explicit training phase but suffers from O(n) inference cost and the curse of dimensionality. Approximate Nearest Neighbor (ANN) algorithms (FAISS, HNSW, Annoy) enable scalable retrieval in high-dimensional embedding spaces. KNN is widely used in recommendation systems, image retrieval, genomics clustering, and as a non-parametric baseline for classification tasks.",Apply,"A luxury retail company implements KNN-based product recommendation using high-dimensional image embeddings, requiring approximate nearest neighbor search at millisecond latency across a 5 million item catalog.","Given this deployment scenario, outline the complete preprocessing pipeline, feature engineering strategy, and hyperparameter configuration required to deploy K-Nearest Neighbors as a production-grade component within this system."
K-Nearest Neighbors,"K-Nearest Neighbors (KNN) is a non-parametric, instance-based learning algorithm that classifies or regresses a query point based on the majority class or mean value of its K closest training examples under a chosen distance metric (Euclidean, Manhattan, Minkowski, cosine). It requires no explicit training phase but suffers from O(n) inference cost and the curse of dimensionality. Approximate Nearest Neighbor (ANN) algorithms (FAISS, HNSW, Annoy) enable scalable retrieval in high-dimensional embedding spaces. KNN is widely used in recommendation systems, image retrieval, genomics clustering, and as a non-parametric baseline for classification tasks.",Apply,A clinical genomics lab uses KNN to classify patient genetic variants of uncertain significance (VUS) by proximity to pathogenic and benign variants in a curated variant database.,"A team inherits a legacy enterprise system using K-Nearest Neighbors with significant technical debt. Describe the concrete implementation steps to refactor the pipeline for improved reliability, latency, and maintainability."
K-Nearest Neighbors,"K-Nearest Neighbors (KNN) is a non-parametric, instance-based learning algorithm that classifies or regresses a query point based on the majority class or mean value of its K closest training examples under a chosen distance metric (Euclidean, Manhattan, Minkowski, cosine). It requires no explicit training phase but suffers from O(n) inference cost and the curse of dimensionality. Approximate Nearest Neighbor (ANN) algorithms (FAISS, HNSW, Annoy) enable scalable retrieval in high-dimensional embedding spaces. KNN is widely used in recommendation systems, image retrieval, genomics clustering, and as a non-parametric baseline for classification tasks.",Apply,"A smart city predictive policing initiative evaluates KNN-based crime hotspot prediction, requiring careful consideration of algorithmic fairness, geographic bias, and historical data quality issues.","Implement a validation framework for K-Nearest Neighbors in this deployment scenario context, specifying the exact metrics, thresholds, and data split strategies appropriate for the operational constraints and risk profile of this application."
K-Nearest Neighbors,"K-Nearest Neighbors (KNN) is a non-parametric, instance-based learning algorithm that classifies or regresses a query point based on the majority class or mean value of its K closest training examples under a chosen distance metric (Euclidean, Manhattan, Minkowski, cosine). It requires no explicit training phase but suffers from O(n) inference cost and the curse of dimensionality. Approximate Nearest Neighbor (ANN) algorithms (FAISS, HNSW, Annoy) enable scalable retrieval in high-dimensional embedding spaces. KNN is widely used in recommendation systems, image retrieval, genomics clustering, and as a non-parametric baseline for classification tasks.",Apply,A materials science research team uses KNN on molecular descriptor spaces to identify candidate compounds with desired thermal and mechanical properties from a virtual library of novel alloys.,"Considering this deployment scenario, detail the end-to-end inference pipeline design for K-Nearest Neighbors, including feature serving, model versioning, monitoring hooks, and fallback mechanisms for production deployment."
K-Nearest Neighbors,"K-Nearest Neighbors (KNN) is a non-parametric, instance-based learning algorithm that classifies or regresses a query point based on the majority class or mean value of its K closest training examples under a chosen distance metric (Euclidean, Manhattan, Minkowski, cosine). It requires no explicit training phase but suffers from O(n) inference cost and the curse of dimensionality. Approximate Nearest Neighbor (ANN) algorithms (FAISS, HNSW, Annoy) enable scalable retrieval in high-dimensional embedding spaces. KNN is widely used in recommendation systems, image retrieval, genomics clustering, and as a non-parametric baseline for classification tasks.",Analyze,"A luxury retail company implements KNN-based product recommendation using high-dimensional image embeddings, requiring approximate nearest neighbor search at millisecond latency across a 5 million item catalog.","In this deployment scenario, the K-Nearest Neighbors model begins exhibiting significant performance degradation six months after deployment. Conduct a systematic diagnostic analysis identifying the most probable root causes and distinguishing between data drift, concept drift, and model decay hypotheses."
K-Nearest Neighbors,"K-Nearest Neighbors (KNN) is a non-parametric, instance-based learning algorithm that classifies or regresses a query point based on the majority class or mean value of its K closest training examples under a chosen distance metric (Euclidean, Manhattan, Minkowski, cosine). It requires no explicit training phase but suffers from O(n) inference cost and the curse of dimensionality. Approximate Nearest Neighbor (ANN) algorithms (FAISS, HNSW, Annoy) enable scalable retrieval in high-dimensional embedding spaces. KNN is widely used in recommendation systems, image retrieval, genomics clustering, and as a non-parametric baseline for classification tasks.",Analyze,A clinical genomics lab uses KNN to classify patient genetic variants of uncertain significance (VUS) by proximity to pathogenic and benign variants in a curated variant database.,"Critically compare the architectural trade-offs between K-Nearest Neighbors and two alternative algorithmic families for this deployment scenario use case, analyzing computational complexity, interpretability requirements, uncertainty quantification capacity, and regulatory compliance constraints."
K-Nearest Neighbors,"K-Nearest Neighbors (KNN) is a non-parametric, instance-based learning algorithm that classifies or regresses a query point based on the majority class or mean value of its K closest training examples under a chosen distance metric (Euclidean, Manhattan, Minkowski, cosine). It requires no explicit training phase but suffers from O(n) inference cost and the curse of dimensionality. Approximate Nearest Neighbor (ANN) algorithms (FAISS, HNSW, Annoy) enable scalable retrieval in high-dimensional embedding spaces. KNN is widely used in recommendation systems, image retrieval, genomics clustering, and as a non-parametric baseline for classification tasks.",Analyze,"A smart city predictive policing initiative evaluates KNN-based crime hotspot prediction, requiring careful consideration of algorithmic fairness, geographic bias, and historical data quality issues.","Decompose the potential failure modes of K-Nearest Neighbors in this deployment scenario context into data-quality failures, distributional shift failures, model specification failures, and deployment infrastructure failures, and analyze the downstream business and safety consequences of each."
K-Nearest Neighbors,"K-Nearest Neighbors (KNN) is a non-parametric, instance-based learning algorithm that classifies or regresses a query point based on the majority class or mean value of its K closest training examples under a chosen distance metric (Euclidean, Manhattan, Minkowski, cosine). It requires no explicit training phase but suffers from O(n) inference cost and the curse of dimensionality. Approximate Nearest Neighbor (ANN) algorithms (FAISS, HNSW, Annoy) enable scalable retrieval in high-dimensional embedding spaces. KNN is widely used in recommendation systems, image retrieval, genomics clustering, and as a non-parametric baseline for classification tasks.",Analyze,A materials science research team uses KNN on molecular descriptor spaces to identify candidate compounds with desired thermal and mechanical properties from a virtual library of novel alloys.,"Examine the interaction effects between K-Nearest Neighbors's core assumptions and the specific data-generating process in this context, identifying which assumption violations are benign, which are correctable, and which would fundamentally invalidate the modeling approach."
K-Nearest Neighbors,"K-Nearest Neighbors (KNN) is a non-parametric, instance-based learning algorithm that classifies or regresses a query point based on the majority class or mean value of its K closest training examples under a chosen distance metric (Euclidean, Manhattan, Minkowski, cosine). It requires no explicit training phase but suffers from O(n) inference cost and the curse of dimensionality. Approximate Nearest Neighbor (ANN) algorithms (FAISS, HNSW, Annoy) enable scalable retrieval in high-dimensional embedding spaces. KNN is widely used in recommendation systems, image retrieval, genomics clustering, and as a non-parametric baseline for classification tasks.",Evaluate,"A luxury retail company implements KNN-based product recommendation using high-dimensional image embeddings, requiring approximate nearest neighbor search at millisecond latency across a 5 million item catalog.","In this deployment scenario, multiple ML teams are advocating for K-Nearest Neighbors as the production system. Formulate a rigorous evaluation framework that quantifies not only predictive performance but also business value, operational risk, fairness, interpretability, and total cost of ownership."
K-Nearest Neighbors,"K-Nearest Neighbors (KNN) is a non-parametric, instance-based learning algorithm that classifies or regresses a query point based on the majority class or mean value of its K closest training examples under a chosen distance metric (Euclidean, Manhattan, Minkowski, cosine). It requires no explicit training phase but suffers from O(n) inference cost and the curse of dimensionality. Approximate Nearest Neighbor (ANN) algorithms (FAISS, HNSW, Annoy) enable scalable retrieval in high-dimensional embedding spaces. KNN is widely used in recommendation systems, image retrieval, genomics clustering, and as a non-parametric baseline for classification tasks.",Evaluate,A clinical genomics lab uses KNN to classify patient genetic variants of uncertain significance (VUS) by proximity to pathogenic and benign variants in a curated variant database.,"Critically assess the deployment readiness of a K-Nearest Neighbors model in this deployment scenario context, evaluating the model's robustness to adversarial inputs, its calibration quality, its behavior under distribution shift, and the adequacy of its monitoring instrumentation."
K-Nearest Neighbors,"K-Nearest Neighbors (KNN) is a non-parametric, instance-based learning algorithm that classifies or regresses a query point based on the majority class or mean value of its K closest training examples under a chosen distance metric (Euclidean, Manhattan, Minkowski, cosine). It requires no explicit training phase but suffers from O(n) inference cost and the curse of dimensionality. Approximate Nearest Neighbor (ANN) algorithms (FAISS, HNSW, Annoy) enable scalable retrieval in high-dimensional embedding spaces. KNN is widely used in recommendation systems, image retrieval, genomics clustering, and as a non-parametric baseline for classification tasks.",Evaluate,"A smart city predictive policing initiative evaluates KNN-based crime hotspot prediction, requiring careful consideration of algorithmic fairness, geographic bias, and historical data quality issues.","A regulatory body is reviewing the use of K-Nearest Neighbors in this context. Argue for or against the model's fitness for purpose, substantiating your position with specific evidence criteria, acceptable risk thresholds, and the consequences of both Type I and Type II decision errors."
K-Nearest Neighbors,"K-Nearest Neighbors (KNN) is a non-parametric, instance-based learning algorithm that classifies or regresses a query point based on the majority class or mean value of its K closest training examples under a chosen distance metric (Euclidean, Manhattan, Minkowski, cosine). It requires no explicit training phase but suffers from O(n) inference cost and the curse of dimensionality. Approximate Nearest Neighbor (ANN) algorithms (FAISS, HNSW, Annoy) enable scalable retrieval in high-dimensional embedding spaces. KNN is widely used in recommendation systems, image retrieval, genomics clustering, and as a non-parametric baseline for classification tasks.",Evaluate,A materials science research team uses KNN on molecular descriptor spaces to identify candidate compounds with desired thermal and mechanical properties from a virtual library of novel alloys.,"Evaluate the long-term sustainability of a K-Nearest Neighbors-based solution for this use case, considering model decay trajectories, retraining cost structures, data governance requirements, and the ethical implications of scaled automated decision-making in this domain."
K-Nearest Neighbors,"K-Nearest Neighbors (KNN) is a non-parametric, instance-based learning algorithm that classifies or regresses a query point based on the majority class or mean value of its K closest training examples under a chosen distance metric (Euclidean, Manhattan, Minkowski, cosine). It requires no explicit training phase but suffers from O(n) inference cost and the curse of dimensionality. Approximate Nearest Neighbor (ANN) algorithms (FAISS, HNSW, Annoy) enable scalable retrieval in high-dimensional embedding spaces. KNN is widely used in recommendation systems, image retrieval, genomics clustering, and as a non-parametric baseline for classification tasks.",Create,"A luxury retail company implements KNN-based product recommendation using high-dimensional image embeddings, requiring approximate nearest neighbor search at millisecond latency across a 5 million item catalog.","Architect a novel ML system for this use case that addresses the key limitations of standard K-Nearest Neighbors implementations, incorporating uncertainty quantification, fairness constraints, concept drift adaptation, and human-in-the-loop oversight mechanisms."
K-Nearest Neighbors,"K-Nearest Neighbors (KNN) is a non-parametric, instance-based learning algorithm that classifies or regresses a query point based on the majority class or mean value of its K closest training examples under a chosen distance metric (Euclidean, Manhattan, Minkowski, cosine). It requires no explicit training phase but suffers from O(n) inference cost and the curse of dimensionality. Approximate Nearest Neighbor (ANN) algorithms (FAISS, HNSW, Annoy) enable scalable retrieval in high-dimensional embedding spaces. KNN is widely used in recommendation systems, image retrieval, genomics clustering, and as a non-parametric baseline for classification tasks.",Create,A clinical genomics lab uses KNN to classify patient genetic variants of uncertain significance (VUS) by proximity to pathogenic and benign variants in a curated variant database.,"Design a research agenda to advance K-Nearest Neighbors methodology specifically for high-stakes enterprise applications, proposing three novel experimental studies that would yield actionable insights for production practitioners."
K-Nearest Neighbors,"K-Nearest Neighbors (KNN) is a non-parametric, instance-based learning algorithm that classifies or regresses a query point based on the majority class or mean value of its K closest training examples under a chosen distance metric (Euclidean, Manhattan, Minkowski, cosine). It requires no explicit training phase but suffers from O(n) inference cost and the curse of dimensionality. Approximate Nearest Neighbor (ANN) algorithms (FAISS, HNSW, Annoy) enable scalable retrieval in high-dimensional embedding spaces. KNN is widely used in recommendation systems, image retrieval, genomics clustering, and as a non-parametric baseline for classification tasks.",Create,"A smart city predictive policing initiative evaluates KNN-based crime hotspot prediction, requiring careful consideration of algorithmic fairness, geographic bias, and historical data quality issues.","Construct a comprehensive MLOps framework tailored for K-Nearest Neighbors deployment in this context, covering the full model lifecycle: data versioning, experiment tracking, automated retraining triggers, A/B testing infrastructure, and incident response playbooks."
K-Nearest Neighbors,"K-Nearest Neighbors (KNN) is a non-parametric, instance-based learning algorithm that classifies or regresses a query point based on the majority class or mean value of its K closest training examples under a chosen distance metric (Euclidean, Manhattan, Minkowski, cosine). It requires no explicit training phase but suffers from O(n) inference cost and the curse of dimensionality. Approximate Nearest Neighbor (ANN) algorithms (FAISS, HNSW, Annoy) enable scalable retrieval in high-dimensional embedding spaces. KNN is widely used in recommendation systems, image retrieval, genomics clustering, and as a non-parametric baseline for classification tasks.",Create,A materials science research team uses KNN on molecular descriptor spaces to identify candidate compounds with desired thermal and mechanical properties from a virtual library of novel alloys.,"Formulate a hybrid modeling strategy that combines K-Nearest Neighbors with complementary methods to overcome its core weaknesses in this context, specifying the technical integration architecture, the decision boundaries between model components, and the validation protocol for the composite system."
Naive Bayes,"Naive Bayes classifiers apply Bayes' theorem with the strong conditional independence assumption that features are independent given the class label. Variants include Gaussian Naive Bayes (continuous features), Multinomial Naive Bayes (count data), and Bernoulli Naive Bayes (binary features). Despite the unrealistic independence assumption, Naive Bayes achieves strong empirical performance in text classification (spam filtering, sentiment analysis) due to the robustness of the decision boundary estimate. Laplace smoothing addresses zero-probability issues. Naive Bayes is computationally efficient, requires minimal training data, and is naturally suited for online/streaming learning scenarios.",Remember,"A global email security provider deploys a Naive Bayes spam filter that must adapt to concept drift as attackers evolve phishing language to evade detection, processing 5 billion emails daily.","In the context of deploying Naive Bayes within enterprise, enumerate the fundamental mathematical assumptions and algorithmic constraints that must be verified prior to model selection."
Naive Bayes,"Naive Bayes classifiers apply Bayes' theorem with the strong conditional independence assumption that features are independent given the class label. Variants include Gaussian Naive Bayes (continuous features), Multinomial Naive Bayes (count data), and Bernoulli Naive Bayes (binary features). Despite the unrealistic independence assumption, Naive Bayes achieves strong empirical performance in text classification (spam filtering, sentiment analysis) due to the robustness of the decision boundary estimate. Laplace smoothing addresses zero-probability issues. Naive Bayes is computationally efficient, requires minimal training data, and is naturally suited for online/streaming learning scenarios.",Remember,"A multilingual customer support platform uses Naive Bayes for real-time intent classification across 40 languages with minimal training data per language, routing tickets to specialized agent queues.","A data science team onboarding to a enterprise project requests a comprehensive taxonomy of the core components, parameters, and operational boundaries that define Naive Bayes."
Naive Bayes,"Naive Bayes classifiers apply Bayes' theorem with the strong conditional independence assumption that features are independent given the class label. Variants include Gaussian Naive Bayes (continuous features), Multinomial Naive Bayes (count data), and Bernoulli Naive Bayes (binary features). Despite the unrealistic independence assumption, Naive Bayes achieves strong empirical performance in text classification (spam filtering, sentiment analysis) due to the robustness of the decision boundary estimate. Laplace smoothing addresses zero-probability issues. Naive Bayes is computationally efficient, requires minimal training data, and is naturally suited for online/streaming learning scenarios.",Remember,"A medical triage chatbot uses Naive Bayes to classify patient-reported symptoms into urgency tiers for telehealth queue prioritization, operating under strict false negative rate constraints.","Within the regulatory documentation for a enterprise system, specify the defining characteristics of Naive Bayes that distinguish it from adjacent methodological approaches."
Naive Bayes,"Naive Bayes classifiers apply Bayes' theorem with the strong conditional independence assumption that features are independent given the class label. Variants include Gaussian Naive Bayes (continuous features), Multinomial Naive Bayes (count data), and Bernoulli Naive Bayes (binary features). Despite the unrealistic independence assumption, Naive Bayes achieves strong empirical performance in text classification (spam filtering, sentiment analysis) due to the robustness of the decision boundary estimate. Laplace smoothing addresses zero-probability issues. Naive Bayes is computationally efficient, requires minimal training data, and is naturally suited for online/streaming learning scenarios.",Remember,"A digital news aggregation platform applies Naive Bayes to classify articles into topical categories for personalized feeds, requiring transparent, auditable classification rules for editorial accountability.",Catalogue the essential computational and statistical prerequisites that must be satisfied before Naive Bayes can be validly applied within a enterprise operational context.
Naive Bayes,"Naive Bayes classifiers apply Bayes' theorem with the strong conditional independence assumption that features are independent given the class label. Variants include Gaussian Naive Bayes (continuous features), Multinomial Naive Bayes (count data), and Bernoulli Naive Bayes (binary features). Despite the unrealistic independence assumption, Naive Bayes achieves strong empirical performance in text classification (spam filtering, sentiment analysis) due to the robustness of the decision boundary estimate. Laplace smoothing addresses zero-probability issues. Naive Bayes is computationally efficient, requires minimal training data, and is naturally suited for online/streaming learning scenarios.",Understand,"A global email security provider deploys a Naive Bayes spam filter that must adapt to concept drift as attackers evolve phishing language to evade detection, processing 5 billion emails daily.","Articulate in precise technical terms how the core learning mechanism of Naive Bayes operates under the distributional assumptions present in enterprise data, specifically addressing what occurs when those assumptions are violated."
Naive Bayes,"Naive Bayes classifiers apply Bayes' theorem with the strong conditional independence assumption that features are independent given the class label. Variants include Gaussian Naive Bayes (continuous features), Multinomial Naive Bayes (count data), and Bernoulli Naive Bayes (binary features). Despite the unrealistic independence assumption, Naive Bayes achieves strong empirical performance in text classification (spam filtering, sentiment analysis) due to the robustness of the decision boundary estimate. Laplace smoothing addresses zero-probability issues. Naive Bayes is computationally efficient, requires minimal training data, and is naturally suited for online/streaming learning scenarios.",Understand,"A multilingual customer support platform uses Naive Bayes for real-time intent classification across 40 languages with minimal training data per language, routing tickets to specialized agent queues.",A senior ML engineer must brief a cross-functional product team on why Naive Bayes exhibits particular failure modes in enterprise applications — explain the underlying statistical rationale for these limitations.
Naive Bayes,"Naive Bayes classifiers apply Bayes' theorem with the strong conditional independence assumption that features are independent given the class label. Variants include Gaussian Naive Bayes (continuous features), Multinomial Naive Bayes (count data), and Bernoulli Naive Bayes (binary features). Despite the unrealistic independence assumption, Naive Bayes achieves strong empirical performance in text classification (spam filtering, sentiment analysis) due to the robustness of the decision boundary estimate. Laplace smoothing addresses zero-probability issues. Naive Bayes is computationally efficient, requires minimal training data, and is naturally suited for online/streaming learning scenarios.",Understand,"A medical triage chatbot uses Naive Bayes to classify patient-reported symptoms into urgency tiers for telehealth queue prioritization, operating under strict false negative rate constraints.",Construct a conceptual explanation that differentiates the theoretical generalization behavior of Naive Bayes from its empirical performance characteristics when deployed in a high-stakes enterprise pipeline.
Naive Bayes,"Naive Bayes classifiers apply Bayes' theorem with the strong conditional independence assumption that features are independent given the class label. Variants include Gaussian Naive Bayes (continuous features), Multinomial Naive Bayes (count data), and Bernoulli Naive Bayes (binary features). Despite the unrealistic independence assumption, Naive Bayes achieves strong empirical performance in text classification (spam filtering, sentiment analysis) due to the robustness of the decision boundary estimate. Laplace smoothing addresses zero-probability issues. Naive Bayes is computationally efficient, requires minimal training data, and is naturally suited for online/streaming learning scenarios.",Understand,"A digital news aggregation platform applies Naive Bayes to classify articles into topical categories for personalized feeds, requiring transparent, auditable classification rules for editorial accountability.",Interpret the mathematical intuition behind Naive Bayes's core optimization objective and explain how deviations in enterprise data quality would propagate through the model's internal representations.
Naive Bayes,"Naive Bayes classifiers apply Bayes' theorem with the strong conditional independence assumption that features are independent given the class label. Variants include Gaussian Naive Bayes (continuous features), Multinomial Naive Bayes (count data), and Bernoulli Naive Bayes (binary features). Despite the unrealistic independence assumption, Naive Bayes achieves strong empirical performance in text classification (spam filtering, sentiment analysis) due to the robustness of the decision boundary estimate. Laplace smoothing addresses zero-probability issues. Naive Bayes is computationally efficient, requires minimal training data, and is naturally suited for online/streaming learning scenarios.",Apply,"A global email security provider deploys a Naive Bayes spam filter that must adapt to concept drift as attackers evolve phishing language to evade detection, processing 5 billion emails daily.","Given this deployment scenario, outline the complete preprocessing pipeline, feature engineering strategy, and hyperparameter configuration required to deploy Naive Bayes as a production-grade component within this system."
Naive Bayes,"Naive Bayes classifiers apply Bayes' theorem with the strong conditional independence assumption that features are independent given the class label. Variants include Gaussian Naive Bayes (continuous features), Multinomial Naive Bayes (count data), and Bernoulli Naive Bayes (binary features). Despite the unrealistic independence assumption, Naive Bayes achieves strong empirical performance in text classification (spam filtering, sentiment analysis) due to the robustness of the decision boundary estimate. Laplace smoothing addresses zero-probability issues. Naive Bayes is computationally efficient, requires minimal training data, and is naturally suited for online/streaming learning scenarios.",Apply,"A multilingual customer support platform uses Naive Bayes for real-time intent classification across 40 languages with minimal training data per language, routing tickets to specialized agent queues.","A team inherits a legacy enterprise system using Naive Bayes with significant technical debt. Describe the concrete implementation steps to refactor the pipeline for improved reliability, latency, and maintainability."
Naive Bayes,"Naive Bayes classifiers apply Bayes' theorem with the strong conditional independence assumption that features are independent given the class label. Variants include Gaussian Naive Bayes (continuous features), Multinomial Naive Bayes (count data), and Bernoulli Naive Bayes (binary features). Despite the unrealistic independence assumption, Naive Bayes achieves strong empirical performance in text classification (spam filtering, sentiment analysis) due to the robustness of the decision boundary estimate. Laplace smoothing addresses zero-probability issues. Naive Bayes is computationally efficient, requires minimal training data, and is naturally suited for online/streaming learning scenarios.",Apply,"A medical triage chatbot uses Naive Bayes to classify patient-reported symptoms into urgency tiers for telehealth queue prioritization, operating under strict false negative rate constraints.","Implement a validation framework for Naive Bayes in this deployment scenario context, specifying the exact metrics, thresholds, and data split strategies appropriate for the operational constraints and risk profile of this application."
Naive Bayes,"Naive Bayes classifiers apply Bayes' theorem with the strong conditional independence assumption that features are independent given the class label. Variants include Gaussian Naive Bayes (continuous features), Multinomial Naive Bayes (count data), and Bernoulli Naive Bayes (binary features). Despite the unrealistic independence assumption, Naive Bayes achieves strong empirical performance in text classification (spam filtering, sentiment analysis) due to the robustness of the decision boundary estimate. Laplace smoothing addresses zero-probability issues. Naive Bayes is computationally efficient, requires minimal training data, and is naturally suited for online/streaming learning scenarios.",Apply,"A digital news aggregation platform applies Naive Bayes to classify articles into topical categories for personalized feeds, requiring transparent, auditable classification rules for editorial accountability.","Considering this deployment scenario, detail the end-to-end inference pipeline design for Naive Bayes, including feature serving, model versioning, monitoring hooks, and fallback mechanisms for production deployment."
Naive Bayes,"Naive Bayes classifiers apply Bayes' theorem with the strong conditional independence assumption that features are independent given the class label. Variants include Gaussian Naive Bayes (continuous features), Multinomial Naive Bayes (count data), and Bernoulli Naive Bayes (binary features). Despite the unrealistic independence assumption, Naive Bayes achieves strong empirical performance in text classification (spam filtering, sentiment analysis) due to the robustness of the decision boundary estimate. Laplace smoothing addresses zero-probability issues. Naive Bayes is computationally efficient, requires minimal training data, and is naturally suited for online/streaming learning scenarios.",Analyze,"A global email security provider deploys a Naive Bayes spam filter that must adapt to concept drift as attackers evolve phishing language to evade detection, processing 5 billion emails daily.","In this deployment scenario, the Naive Bayes model begins exhibiting significant performance degradation six months after deployment. Conduct a systematic diagnostic analysis identifying the most probable root causes and distinguishing between data drift, concept drift, and model decay hypotheses."
Naive Bayes,"Naive Bayes classifiers apply Bayes' theorem with the strong conditional independence assumption that features are independent given the class label. Variants include Gaussian Naive Bayes (continuous features), Multinomial Naive Bayes (count data), and Bernoulli Naive Bayes (binary features). Despite the unrealistic independence assumption, Naive Bayes achieves strong empirical performance in text classification (spam filtering, sentiment analysis) due to the robustness of the decision boundary estimate. Laplace smoothing addresses zero-probability issues. Naive Bayes is computationally efficient, requires minimal training data, and is naturally suited for online/streaming learning scenarios.",Analyze,"A multilingual customer support platform uses Naive Bayes for real-time intent classification across 40 languages with minimal training data per language, routing tickets to specialized agent queues.","Critically compare the architectural trade-offs between Naive Bayes and two alternative algorithmic families for this deployment scenario use case, analyzing computational complexity, interpretability requirements, uncertainty quantification capacity, and regulatory compliance constraints."
Naive Bayes,"Naive Bayes classifiers apply Bayes' theorem with the strong conditional independence assumption that features are independent given the class label. Variants include Gaussian Naive Bayes (continuous features), Multinomial Naive Bayes (count data), and Bernoulli Naive Bayes (binary features). Despite the unrealistic independence assumption, Naive Bayes achieves strong empirical performance in text classification (spam filtering, sentiment analysis) due to the robustness of the decision boundary estimate. Laplace smoothing addresses zero-probability issues. Naive Bayes is computationally efficient, requires minimal training data, and is naturally suited for online/streaming learning scenarios.",Analyze,"A medical triage chatbot uses Naive Bayes to classify patient-reported symptoms into urgency tiers for telehealth queue prioritization, operating under strict false negative rate constraints.","Decompose the potential failure modes of Naive Bayes in this deployment scenario context into data-quality failures, distributional shift failures, model specification failures, and deployment infrastructure failures, and analyze the downstream business and safety consequences of each."
Naive Bayes,"Naive Bayes classifiers apply Bayes' theorem with the strong conditional independence assumption that features are independent given the class label. Variants include Gaussian Naive Bayes (continuous features), Multinomial Naive Bayes (count data), and Bernoulli Naive Bayes (binary features). Despite the unrealistic independence assumption, Naive Bayes achieves strong empirical performance in text classification (spam filtering, sentiment analysis) due to the robustness of the decision boundary estimate. Laplace smoothing addresses zero-probability issues. Naive Bayes is computationally efficient, requires minimal training data, and is naturally suited for online/streaming learning scenarios.",Analyze,"A digital news aggregation platform applies Naive Bayes to classify articles into topical categories for personalized feeds, requiring transparent, auditable classification rules for editorial accountability.","Examine the interaction effects between Naive Bayes's core assumptions and the specific data-generating process in this context, identifying which assumption violations are benign, which are correctable, and which would fundamentally invalidate the modeling approach."
Naive Bayes,"Naive Bayes classifiers apply Bayes' theorem with the strong conditional independence assumption that features are independent given the class label. Variants include Gaussian Naive Bayes (continuous features), Multinomial Naive Bayes (count data), and Bernoulli Naive Bayes (binary features). Despite the unrealistic independence assumption, Naive Bayes achieves strong empirical performance in text classification (spam filtering, sentiment analysis) due to the robustness of the decision boundary estimate. Laplace smoothing addresses zero-probability issues. Naive Bayes is computationally efficient, requires minimal training data, and is naturally suited for online/streaming learning scenarios.",Evaluate,"A global email security provider deploys a Naive Bayes spam filter that must adapt to concept drift as attackers evolve phishing language to evade detection, processing 5 billion emails daily.","In this deployment scenario, multiple ML teams are advocating for Naive Bayes as the production system. Formulate a rigorous evaluation framework that quantifies not only predictive performance but also business value, operational risk, fairness, interpretability, and total cost of ownership."
Naive Bayes,"Naive Bayes classifiers apply Bayes' theorem with the strong conditional independence assumption that features are independent given the class label. Variants include Gaussian Naive Bayes (continuous features), Multinomial Naive Bayes (count data), and Bernoulli Naive Bayes (binary features). Despite the unrealistic independence assumption, Naive Bayes achieves strong empirical performance in text classification (spam filtering, sentiment analysis) due to the robustness of the decision boundary estimate. Laplace smoothing addresses zero-probability issues. Naive Bayes is computationally efficient, requires minimal training data, and is naturally suited for online/streaming learning scenarios.",Evaluate,"A multilingual customer support platform uses Naive Bayes for real-time intent classification across 40 languages with minimal training data per language, routing tickets to specialized agent queues.","Critically assess the deployment readiness of a Naive Bayes model in this deployment scenario context, evaluating the model's robustness to adversarial inputs, its calibration quality, its behavior under distribution shift, and the adequacy of its monitoring instrumentation."
Naive Bayes,"Naive Bayes classifiers apply Bayes' theorem with the strong conditional independence assumption that features are independent given the class label. Variants include Gaussian Naive Bayes (continuous features), Multinomial Naive Bayes (count data), and Bernoulli Naive Bayes (binary features). Despite the unrealistic independence assumption, Naive Bayes achieves strong empirical performance in text classification (spam filtering, sentiment analysis) due to the robustness of the decision boundary estimate. Laplace smoothing addresses zero-probability issues. Naive Bayes is computationally efficient, requires minimal training data, and is naturally suited for online/streaming learning scenarios.",Evaluate,"A medical triage chatbot uses Naive Bayes to classify patient-reported symptoms into urgency tiers for telehealth queue prioritization, operating under strict false negative rate constraints.","A regulatory body is reviewing the use of Naive Bayes in this context. Argue for or against the model's fitness for purpose, substantiating your position with specific evidence criteria, acceptable risk thresholds, and the consequences of both Type I and Type II decision errors."
Naive Bayes,"Naive Bayes classifiers apply Bayes' theorem with the strong conditional independence assumption that features are independent given the class label. Variants include Gaussian Naive Bayes (continuous features), Multinomial Naive Bayes (count data), and Bernoulli Naive Bayes (binary features). Despite the unrealistic independence assumption, Naive Bayes achieves strong empirical performance in text classification (spam filtering, sentiment analysis) due to the robustness of the decision boundary estimate. Laplace smoothing addresses zero-probability issues. Naive Bayes is computationally efficient, requires minimal training data, and is naturally suited for online/streaming learning scenarios.",Evaluate,"A digital news aggregation platform applies Naive Bayes to classify articles into topical categories for personalized feeds, requiring transparent, auditable classification rules for editorial accountability.","Evaluate the long-term sustainability of a Naive Bayes-based solution for this use case, considering model decay trajectories, retraining cost structures, data governance requirements, and the ethical implications of scaled automated decision-making in this domain."
Naive Bayes,"Naive Bayes classifiers apply Bayes' theorem with the strong conditional independence assumption that features are independent given the class label. Variants include Gaussian Naive Bayes (continuous features), Multinomial Naive Bayes (count data), and Bernoulli Naive Bayes (binary features). Despite the unrealistic independence assumption, Naive Bayes achieves strong empirical performance in text classification (spam filtering, sentiment analysis) due to the robustness of the decision boundary estimate. Laplace smoothing addresses zero-probability issues. Naive Bayes is computationally efficient, requires minimal training data, and is naturally suited for online/streaming learning scenarios.",Create,"A global email security provider deploys a Naive Bayes spam filter that must adapt to concept drift as attackers evolve phishing language to evade detection, processing 5 billion emails daily.","Architect a novel ML system for this use case that addresses the key limitations of standard Naive Bayes implementations, incorporating uncertainty quantification, fairness constraints, concept drift adaptation, and human-in-the-loop oversight mechanisms."
Naive Bayes,"Naive Bayes classifiers apply Bayes' theorem with the strong conditional independence assumption that features are independent given the class label. Variants include Gaussian Naive Bayes (continuous features), Multinomial Naive Bayes (count data), and Bernoulli Naive Bayes (binary features). Despite the unrealistic independence assumption, Naive Bayes achieves strong empirical performance in text classification (spam filtering, sentiment analysis) due to the robustness of the decision boundary estimate. Laplace smoothing addresses zero-probability issues. Naive Bayes is computationally efficient, requires minimal training data, and is naturally suited for online/streaming learning scenarios.",Create,"A multilingual customer support platform uses Naive Bayes for real-time intent classification across 40 languages with minimal training data per language, routing tickets to specialized agent queues.","Design a research agenda to advance Naive Bayes methodology specifically for high-stakes enterprise applications, proposing three novel experimental studies that would yield actionable insights for production practitioners."
Naive Bayes,"Naive Bayes classifiers apply Bayes' theorem with the strong conditional independence assumption that features are independent given the class label. Variants include Gaussian Naive Bayes (continuous features), Multinomial Naive Bayes (count data), and Bernoulli Naive Bayes (binary features). Despite the unrealistic independence assumption, Naive Bayes achieves strong empirical performance in text classification (spam filtering, sentiment analysis) due to the robustness of the decision boundary estimate. Laplace smoothing addresses zero-probability issues. Naive Bayes is computationally efficient, requires minimal training data, and is naturally suited for online/streaming learning scenarios.",Create,"A medical triage chatbot uses Naive Bayes to classify patient-reported symptoms into urgency tiers for telehealth queue prioritization, operating under strict false negative rate constraints.","Construct a comprehensive MLOps framework tailored for Naive Bayes deployment in this context, covering the full model lifecycle: data versioning, experiment tracking, automated retraining triggers, A/B testing infrastructure, and incident response playbooks."
Naive Bayes,"Naive Bayes classifiers apply Bayes' theorem with the strong conditional independence assumption that features are independent given the class label. Variants include Gaussian Naive Bayes (continuous features), Multinomial Naive Bayes (count data), and Bernoulli Naive Bayes (binary features). Despite the unrealistic independence assumption, Naive Bayes achieves strong empirical performance in text classification (spam filtering, sentiment analysis) due to the robustness of the decision boundary estimate. Laplace smoothing addresses zero-probability issues. Naive Bayes is computationally efficient, requires minimal training data, and is naturally suited for online/streaming learning scenarios.",Create,"A digital news aggregation platform applies Naive Bayes to classify articles into topical categories for personalized feeds, requiring transparent, auditable classification rules for editorial accountability.","Formulate a hybrid modeling strategy that combines Naive Bayes with complementary methods to overcome its core weaknesses in this context, specifying the technical integration architecture, the decision boundaries between model components, and the validation protocol for the composite system."
Hierarchical Clustering,"Hierarchical Clustering builds a tree-like hierarchy of nested clusters (dendrogram) without requiring K to be specified a priori. Agglomerative (bottom-up) approaches merge clusters using linkage criteria (single, complete, average, Ward's method), while divisive (top-down) approaches recursively split clusters. Cluster extraction requires selecting a dendrogram cut threshold, informed by domain knowledge or the dendrogram's structure. Ward's linkage minimizes within-cluster variance and tends to produce compact, spherical clusters. Hierarchical clustering is widely applied in bioinformatics (gene expression analysis), market segmentation, document clustering, and phylogenetic analysis.",Remember,A pharmaceutical R&D team uses hierarchical clustering on molecular fingerprints from a compound library to identify structurally similar drug candidates and prioritize those with novel scaffold diversity.,"In the context of deploying Hierarchical Clustering within pharmaceutical, enumerate the fundamental mathematical assumptions and algorithmic constraints that must be verified prior to model selection."
Hierarchical Clustering,"Hierarchical Clustering builds a tree-like hierarchy of nested clusters (dendrogram) without requiring K to be specified a priori. Agglomerative (bottom-up) approaches merge clusters using linkage criteria (single, complete, average, Ward's method), while divisive (top-down) approaches recursively split clusters. Cluster extraction requires selecting a dendrogram cut threshold, informed by domain knowledge or the dendrogram's structure. Ward's linkage minimizes within-cluster variance and tends to produce compact, spherical clusters. Hierarchical clustering is widely applied in bioinformatics (gene expression analysis), market segmentation, document clustering, and phylogenetic analysis.",Remember,A global telecommunications company applies hierarchical clustering to network node failure patterns to discover recurring fault taxonomies that inform preventive maintenance playbooks.,"A data science team onboarding to a enterprise project requests a comprehensive taxonomy of the core components, parameters, and operational boundaries that define Hierarchical Clustering."
Hierarchical Clustering,"Hierarchical Clustering builds a tree-like hierarchy of nested clusters (dendrogram) without requiring K to be specified a priori. Agglomerative (bottom-up) approaches merge clusters using linkage criteria (single, complete, average, Ward's method), while divisive (top-down) approaches recursively split clusters. Cluster extraction requires selecting a dendrogram cut threshold, informed by domain knowledge or the dendrogram's structure. Ward's linkage minimizes within-cluster variance and tends to produce compact, spherical clusters. Hierarchical clustering is widely applied in bioinformatics (gene expression analysis), market segmentation, document clustering, and phylogenetic analysis.",Remember,An investment management firm uses hierarchical clustering on return correlation matrices to construct diversified multi-asset portfolios that remain robust across different market regimes.,"Within the regulatory documentation for a enterprise system, specify the defining characteristics of Hierarchical Clustering that distinguish it from adjacent methodological approaches."
Hierarchical Clustering,"Hierarchical Clustering builds a tree-like hierarchy of nested clusters (dendrogram) without requiring K to be specified a priori. Agglomerative (bottom-up) approaches merge clusters using linkage criteria (single, complete, average, Ward's method), while divisive (top-down) approaches recursively split clusters. Cluster extraction requires selecting a dendrogram cut threshold, informed by domain knowledge or the dendrogram's structure. Ward's linkage minimizes within-cluster variance and tends to produce compact, spherical clusters. Hierarchical clustering is widely applied in bioinformatics (gene expression analysis), market segmentation, document clustering, and phylogenetic analysis.",Remember,A bioinformatics team applies hierarchical clustering to metagenomics data from gut microbiome samples across a longitudinal patient cohort to identify microbial community shifts associated with disease progression.,Catalogue the essential computational and statistical prerequisites that must be satisfied before Hierarchical Clustering can be validly applied within a enterprise operational context.
Hierarchical Clustering,"Hierarchical Clustering builds a tree-like hierarchy of nested clusters (dendrogram) without requiring K to be specified a priori. Agglomerative (bottom-up) approaches merge clusters using linkage criteria (single, complete, average, Ward's method), while divisive (top-down) approaches recursively split clusters. Cluster extraction requires selecting a dendrogram cut threshold, informed by domain knowledge or the dendrogram's structure. Ward's linkage minimizes within-cluster variance and tends to produce compact, spherical clusters. Hierarchical clustering is widely applied in bioinformatics (gene expression analysis), market segmentation, document clustering, and phylogenetic analysis.",Understand,A pharmaceutical R&D team uses hierarchical clustering on molecular fingerprints from a compound library to identify structurally similar drug candidates and prioritize those with novel scaffold diversity.,"Articulate in precise technical terms how the core learning mechanism of Hierarchical Clustering operates under the distributional assumptions present in pharmaceutical data, specifically addressing what occurs when those assumptions are violated."
Hierarchical Clustering,"Hierarchical Clustering builds a tree-like hierarchy of nested clusters (dendrogram) without requiring K to be specified a priori. Agglomerative (bottom-up) approaches merge clusters using linkage criteria (single, complete, average, Ward's method), while divisive (top-down) approaches recursively split clusters. Cluster extraction requires selecting a dendrogram cut threshold, informed by domain knowledge or the dendrogram's structure. Ward's linkage minimizes within-cluster variance and tends to produce compact, spherical clusters. Hierarchical clustering is widely applied in bioinformatics (gene expression analysis), market segmentation, document clustering, and phylogenetic analysis.",Understand,A global telecommunications company applies hierarchical clustering to network node failure patterns to discover recurring fault taxonomies that inform preventive maintenance playbooks.,A senior ML engineer must brief a cross-functional product team on why Hierarchical Clustering exhibits particular failure modes in enterprise applications — explain the underlying statistical rationale for these limitations.
Hierarchical Clustering,"Hierarchical Clustering builds a tree-like hierarchy of nested clusters (dendrogram) without requiring K to be specified a priori. Agglomerative (bottom-up) approaches merge clusters using linkage criteria (single, complete, average, Ward's method), while divisive (top-down) approaches recursively split clusters. Cluster extraction requires selecting a dendrogram cut threshold, informed by domain knowledge or the dendrogram's structure. Ward's linkage minimizes within-cluster variance and tends to produce compact, spherical clusters. Hierarchical clustering is widely applied in bioinformatics (gene expression analysis), market segmentation, document clustering, and phylogenetic analysis.",Understand,An investment management firm uses hierarchical clustering on return correlation matrices to construct diversified multi-asset portfolios that remain robust across different market regimes.,Construct a conceptual explanation that differentiates the theoretical generalization behavior of Hierarchical Clustering from its empirical performance characteristics when deployed in a high-stakes enterprise pipeline.
Hierarchical Clustering,"Hierarchical Clustering builds a tree-like hierarchy of nested clusters (dendrogram) without requiring K to be specified a priori. Agglomerative (bottom-up) approaches merge clusters using linkage criteria (single, complete, average, Ward's method), while divisive (top-down) approaches recursively split clusters. Cluster extraction requires selecting a dendrogram cut threshold, informed by domain knowledge or the dendrogram's structure. Ward's linkage minimizes within-cluster variance and tends to produce compact, spherical clusters. Hierarchical clustering is widely applied in bioinformatics (gene expression analysis), market segmentation, document clustering, and phylogenetic analysis.",Understand,A bioinformatics team applies hierarchical clustering to metagenomics data from gut microbiome samples across a longitudinal patient cohort to identify microbial community shifts associated with disease progression.,Interpret the mathematical intuition behind Hierarchical Clustering's core optimization objective and explain how deviations in enterprise data quality would propagate through the model's internal representations.
Hierarchical Clustering,"Hierarchical Clustering builds a tree-like hierarchy of nested clusters (dendrogram) without requiring K to be specified a priori. Agglomerative (bottom-up) approaches merge clusters using linkage criteria (single, complete, average, Ward's method), while divisive (top-down) approaches recursively split clusters. Cluster extraction requires selecting a dendrogram cut threshold, informed by domain knowledge or the dendrogram's structure. Ward's linkage minimizes within-cluster variance and tends to produce compact, spherical clusters. Hierarchical clustering is widely applied in bioinformatics (gene expression analysis), market segmentation, document clustering, and phylogenetic analysis.",Apply,A pharmaceutical R&D team uses hierarchical clustering on molecular fingerprints from a compound library to identify structurally similar drug candidates and prioritize those with novel scaffold diversity.,"Given this deployment scenario, outline the complete preprocessing pipeline, feature engineering strategy, and hyperparameter configuration required to deploy Hierarchical Clustering as a production-grade component within this system."
Hierarchical Clustering,"Hierarchical Clustering builds a tree-like hierarchy of nested clusters (dendrogram) without requiring K to be specified a priori. Agglomerative (bottom-up) approaches merge clusters using linkage criteria (single, complete, average, Ward's method), while divisive (top-down) approaches recursively split clusters. Cluster extraction requires selecting a dendrogram cut threshold, informed by domain knowledge or the dendrogram's structure. Ward's linkage minimizes within-cluster variance and tends to produce compact, spherical clusters. Hierarchical clustering is widely applied in bioinformatics (gene expression analysis), market segmentation, document clustering, and phylogenetic analysis.",Apply,A global telecommunications company applies hierarchical clustering to network node failure patterns to discover recurring fault taxonomies that inform preventive maintenance playbooks.,"A team inherits a legacy enterprise system using Hierarchical Clustering with significant technical debt. Describe the concrete implementation steps to refactor the pipeline for improved reliability, latency, and maintainability."
Hierarchical Clustering,"Hierarchical Clustering builds a tree-like hierarchy of nested clusters (dendrogram) without requiring K to be specified a priori. Agglomerative (bottom-up) approaches merge clusters using linkage criteria (single, complete, average, Ward's method), while divisive (top-down) approaches recursively split clusters. Cluster extraction requires selecting a dendrogram cut threshold, informed by domain knowledge or the dendrogram's structure. Ward's linkage minimizes within-cluster variance and tends to produce compact, spherical clusters. Hierarchical clustering is widely applied in bioinformatics (gene expression analysis), market segmentation, document clustering, and phylogenetic analysis.",Apply,An investment management firm uses hierarchical clustering on return correlation matrices to construct diversified multi-asset portfolios that remain robust across different market regimes.,"Implement a validation framework for Hierarchical Clustering in this deployment scenario context, specifying the exact metrics, thresholds, and data split strategies appropriate for the operational constraints and risk profile of this application."
Hierarchical Clustering,"Hierarchical Clustering builds a tree-like hierarchy of nested clusters (dendrogram) without requiring K to be specified a priori. Agglomerative (bottom-up) approaches merge clusters using linkage criteria (single, complete, average, Ward's method), while divisive (top-down) approaches recursively split clusters. Cluster extraction requires selecting a dendrogram cut threshold, informed by domain knowledge or the dendrogram's structure. Ward's linkage minimizes within-cluster variance and tends to produce compact, spherical clusters. Hierarchical clustering is widely applied in bioinformatics (gene expression analysis), market segmentation, document clustering, and phylogenetic analysis.",Apply,A bioinformatics team applies hierarchical clustering to metagenomics data from gut microbiome samples across a longitudinal patient cohort to identify microbial community shifts associated with disease progression.,"Considering this deployment scenario, detail the end-to-end inference pipeline design for Hierarchical Clustering, including feature serving, model versioning, monitoring hooks, and fallback mechanisms for production deployment."
Hierarchical Clustering,"Hierarchical Clustering builds a tree-like hierarchy of nested clusters (dendrogram) without requiring K to be specified a priori. Agglomerative (bottom-up) approaches merge clusters using linkage criteria (single, complete, average, Ward's method), while divisive (top-down) approaches recursively split clusters. Cluster extraction requires selecting a dendrogram cut threshold, informed by domain knowledge or the dendrogram's structure. Ward's linkage minimizes within-cluster variance and tends to produce compact, spherical clusters. Hierarchical clustering is widely applied in bioinformatics (gene expression analysis), market segmentation, document clustering, and phylogenetic analysis.",Analyze,A pharmaceutical R&D team uses hierarchical clustering on molecular fingerprints from a compound library to identify structurally similar drug candidates and prioritize those with novel scaffold diversity.,"In this deployment scenario, the Hierarchical Clustering model begins exhibiting significant performance degradation six months after deployment. Conduct a systematic diagnostic analysis identifying the most probable root causes and distinguishing between data drift, concept drift, and model decay hypotheses."
Hierarchical Clustering,"Hierarchical Clustering builds a tree-like hierarchy of nested clusters (dendrogram) without requiring K to be specified a priori. Agglomerative (bottom-up) approaches merge clusters using linkage criteria (single, complete, average, Ward's method), while divisive (top-down) approaches recursively split clusters. Cluster extraction requires selecting a dendrogram cut threshold, informed by domain knowledge or the dendrogram's structure. Ward's linkage minimizes within-cluster variance and tends to produce compact, spherical clusters. Hierarchical clustering is widely applied in bioinformatics (gene expression analysis), market segmentation, document clustering, and phylogenetic analysis.",Analyze,A global telecommunications company applies hierarchical clustering to network node failure patterns to discover recurring fault taxonomies that inform preventive maintenance playbooks.,"Critically compare the architectural trade-offs between Hierarchical Clustering and two alternative algorithmic families for this deployment scenario use case, analyzing computational complexity, interpretability requirements, uncertainty quantification capacity, and regulatory compliance constraints."
Hierarchical Clustering,"Hierarchical Clustering builds a tree-like hierarchy of nested clusters (dendrogram) without requiring K to be specified a priori. Agglomerative (bottom-up) approaches merge clusters using linkage criteria (single, complete, average, Ward's method), while divisive (top-down) approaches recursively split clusters. Cluster extraction requires selecting a dendrogram cut threshold, informed by domain knowledge or the dendrogram's structure. Ward's linkage minimizes within-cluster variance and tends to produce compact, spherical clusters. Hierarchical clustering is widely applied in bioinformatics (gene expression analysis), market segmentation, document clustering, and phylogenetic analysis.",Analyze,An investment management firm uses hierarchical clustering on return correlation matrices to construct diversified multi-asset portfolios that remain robust across different market regimes.,"Decompose the potential failure modes of Hierarchical Clustering in this deployment scenario context into data-quality failures, distributional shift failures, model specification failures, and deployment infrastructure failures, and analyze the downstream business and safety consequences of each."
Hierarchical Clustering,"Hierarchical Clustering builds a tree-like hierarchy of nested clusters (dendrogram) without requiring K to be specified a priori. Agglomerative (bottom-up) approaches merge clusters using linkage criteria (single, complete, average, Ward's method), while divisive (top-down) approaches recursively split clusters. Cluster extraction requires selecting a dendrogram cut threshold, informed by domain knowledge or the dendrogram's structure. Ward's linkage minimizes within-cluster variance and tends to produce compact, spherical clusters. Hierarchical clustering is widely applied in bioinformatics (gene expression analysis), market segmentation, document clustering, and phylogenetic analysis.",Analyze,A bioinformatics team applies hierarchical clustering to metagenomics data from gut microbiome samples across a longitudinal patient cohort to identify microbial community shifts associated with disease progression.,"Examine the interaction effects between Hierarchical Clustering's core assumptions and the specific data-generating process in this context, identifying which assumption violations are benign, which are correctable, and which would fundamentally invalidate the modeling approach."
Hierarchical Clustering,"Hierarchical Clustering builds a tree-like hierarchy of nested clusters (dendrogram) without requiring K to be specified a priori. Agglomerative (bottom-up) approaches merge clusters using linkage criteria (single, complete, average, Ward's method), while divisive (top-down) approaches recursively split clusters. Cluster extraction requires selecting a dendrogram cut threshold, informed by domain knowledge or the dendrogram's structure. Ward's linkage minimizes within-cluster variance and tends to produce compact, spherical clusters. Hierarchical clustering is widely applied in bioinformatics (gene expression analysis), market segmentation, document clustering, and phylogenetic analysis.",Evaluate,A pharmaceutical R&D team uses hierarchical clustering on molecular fingerprints from a compound library to identify structurally similar drug candidates and prioritize those with novel scaffold diversity.,"In this deployment scenario, multiple ML teams are advocating for Hierarchical Clustering as the production system. Formulate a rigorous evaluation framework that quantifies not only predictive performance but also business value, operational risk, fairness, interpretability, and total cost of ownership."
Hierarchical Clustering,"Hierarchical Clustering builds a tree-like hierarchy of nested clusters (dendrogram) without requiring K to be specified a priori. Agglomerative (bottom-up) approaches merge clusters using linkage criteria (single, complete, average, Ward's method), while divisive (top-down) approaches recursively split clusters. Cluster extraction requires selecting a dendrogram cut threshold, informed by domain knowledge or the dendrogram's structure. Ward's linkage minimizes within-cluster variance and tends to produce compact, spherical clusters. Hierarchical clustering is widely applied in bioinformatics (gene expression analysis), market segmentation, document clustering, and phylogenetic analysis.",Evaluate,A global telecommunications company applies hierarchical clustering to network node failure patterns to discover recurring fault taxonomies that inform preventive maintenance playbooks.,"Critically assess the deployment readiness of a Hierarchical Clustering model in this deployment scenario context, evaluating the model's robustness to adversarial inputs, its calibration quality, its behavior under distribution shift, and the adequacy of its monitoring instrumentation."
Hierarchical Clustering,"Hierarchical Clustering builds a tree-like hierarchy of nested clusters (dendrogram) without requiring K to be specified a priori. Agglomerative (bottom-up) approaches merge clusters using linkage criteria (single, complete, average, Ward's method), while divisive (top-down) approaches recursively split clusters. Cluster extraction requires selecting a dendrogram cut threshold, informed by domain knowledge or the dendrogram's structure. Ward's linkage minimizes within-cluster variance and tends to produce compact, spherical clusters. Hierarchical clustering is widely applied in bioinformatics (gene expression analysis), market segmentation, document clustering, and phylogenetic analysis.",Evaluate,An investment management firm uses hierarchical clustering on return correlation matrices to construct diversified multi-asset portfolios that remain robust across different market regimes.,"A regulatory body is reviewing the use of Hierarchical Clustering in this context. Argue for or against the model's fitness for purpose, substantiating your position with specific evidence criteria, acceptable risk thresholds, and the consequences of both Type I and Type II decision errors."
Hierarchical Clustering,"Hierarchical Clustering builds a tree-like hierarchy of nested clusters (dendrogram) without requiring K to be specified a priori. Agglomerative (bottom-up) approaches merge clusters using linkage criteria (single, complete, average, Ward's method), while divisive (top-down) approaches recursively split clusters. Cluster extraction requires selecting a dendrogram cut threshold, informed by domain knowledge or the dendrogram's structure. Ward's linkage minimizes within-cluster variance and tends to produce compact, spherical clusters. Hierarchical clustering is widely applied in bioinformatics (gene expression analysis), market segmentation, document clustering, and phylogenetic analysis.",Evaluate,A bioinformatics team applies hierarchical clustering to metagenomics data from gut microbiome samples across a longitudinal patient cohort to identify microbial community shifts associated with disease progression.,"Evaluate the long-term sustainability of a Hierarchical Clustering-based solution for this use case, considering model decay trajectories, retraining cost structures, data governance requirements, and the ethical implications of scaled automated decision-making in this domain."
Hierarchical Clustering,"Hierarchical Clustering builds a tree-like hierarchy of nested clusters (dendrogram) without requiring K to be specified a priori. Agglomerative (bottom-up) approaches merge clusters using linkage criteria (single, complete, average, Ward's method), while divisive (top-down) approaches recursively split clusters. Cluster extraction requires selecting a dendrogram cut threshold, informed by domain knowledge or the dendrogram's structure. Ward's linkage minimizes within-cluster variance and tends to produce compact, spherical clusters. Hierarchical clustering is widely applied in bioinformatics (gene expression analysis), market segmentation, document clustering, and phylogenetic analysis.",Create,A pharmaceutical R&D team uses hierarchical clustering on molecular fingerprints from a compound library to identify structurally similar drug candidates and prioritize those with novel scaffold diversity.,"Architect a novel ML system for this use case that addresses the key limitations of standard Hierarchical Clustering implementations, incorporating uncertainty quantification, fairness constraints, concept drift adaptation, and human-in-the-loop oversight mechanisms."
Hierarchical Clustering,"Hierarchical Clustering builds a tree-like hierarchy of nested clusters (dendrogram) without requiring K to be specified a priori. Agglomerative (bottom-up) approaches merge clusters using linkage criteria (single, complete, average, Ward's method), while divisive (top-down) approaches recursively split clusters. Cluster extraction requires selecting a dendrogram cut threshold, informed by domain knowledge or the dendrogram's structure. Ward's linkage minimizes within-cluster variance and tends to produce compact, spherical clusters. Hierarchical clustering is widely applied in bioinformatics (gene expression analysis), market segmentation, document clustering, and phylogenetic analysis.",Create,A global telecommunications company applies hierarchical clustering to network node failure patterns to discover recurring fault taxonomies that inform preventive maintenance playbooks.,"Design a research agenda to advance Hierarchical Clustering methodology specifically for high-stakes enterprise applications, proposing three novel experimental studies that would yield actionable insights for production practitioners."
Hierarchical Clustering,"Hierarchical Clustering builds a tree-like hierarchy of nested clusters (dendrogram) without requiring K to be specified a priori. Agglomerative (bottom-up) approaches merge clusters using linkage criteria (single, complete, average, Ward's method), while divisive (top-down) approaches recursively split clusters. Cluster extraction requires selecting a dendrogram cut threshold, informed by domain knowledge or the dendrogram's structure. Ward's linkage minimizes within-cluster variance and tends to produce compact, spherical clusters. Hierarchical clustering is widely applied in bioinformatics (gene expression analysis), market segmentation, document clustering, and phylogenetic analysis.",Create,An investment management firm uses hierarchical clustering on return correlation matrices to construct diversified multi-asset portfolios that remain robust across different market regimes.,"Construct a comprehensive MLOps framework tailored for Hierarchical Clustering deployment in this context, covering the full model lifecycle: data versioning, experiment tracking, automated retraining triggers, A/B testing infrastructure, and incident response playbooks."
Hierarchical Clustering,"Hierarchical Clustering builds a tree-like hierarchy of nested clusters (dendrogram) without requiring K to be specified a priori. Agglomerative (bottom-up) approaches merge clusters using linkage criteria (single, complete, average, Ward's method), while divisive (top-down) approaches recursively split clusters. Cluster extraction requires selecting a dendrogram cut threshold, informed by domain knowledge or the dendrogram's structure. Ward's linkage minimizes within-cluster variance and tends to produce compact, spherical clusters. Hierarchical clustering is widely applied in bioinformatics (gene expression analysis), market segmentation, document clustering, and phylogenetic analysis.",Create,A bioinformatics team applies hierarchical clustering to metagenomics data from gut microbiome samples across a longitudinal patient cohort to identify microbial community shifts associated with disease progression.,"Formulate a hybrid modeling strategy that combines Hierarchical Clustering with complementary methods to overcome its core weaknesses in this context, specifying the technical integration architecture, the decision boundaries between model components, and the validation protocol for the composite system."
